City,Industry,average_salary
Waltham," Buyer",76650.000000
"East Bay"," Veterinary medicine",155000.000000
Delft,Academia,48330.500000
London,Academia,34800.000000
Teramo,Academia,16000.000000
"Moscow ","Academia ",15000.000000
Athens,"Academia - STEM",32000.000000
"Ann Arbor","Academia / Research",68500.000000
Austin,"Academia--cell and molecular biology",48000.000000
Chicago,"Academic Medicine ",55000.000000
Chicago,"Academic Press Production",42000.000000
Oakland,"academic publishing",73000.000000
"NY Metro","Academic publishing",73000.000000
"Evanston, IL","Academic publishing",40800.000000
London,"Academic Publishing",23500.000000
Milwaukee,"Academic publishing ",30000.000000
NYC,"academic research",80000.000000
"San Diego","academic research",64000.000000
"Tucson ","Academic research",63500.000000
Galveston,"Academic research",56500.000000
"Hamilton, ON","Academic research",52000.000000
Portland,"Academic research",48000.000000
Belmont,"Academic research (Psychology)",36883.000000
"Greater Boston Area","Academic research (social science)",45000.000000
"New Haven","Academic science",50000.000000
Denver,"Academic science",37000.000000
Sheffield,"Academic Science ",40322.000000
"Birmingham ","Academic Scientific Research",35600.000000
"NA (remote). Live near Boston, work is based in upstate NY","Academic/nonprofit research",37440.000000
"New Brunswick",Accessibility,74000.000000
Toronto,"Accounting, Banking & Finance",206987154.310345
"Hong Kong","Accounting, Banking & Finance",5000000.000000
"Buenos Aires","Accounting, Banking & Finance",845000.000000
"Cape town","Accounting, Banking & Finance",805000.000000
Copenhagen,"Accounting, Banking & Finance",700000.000000
Ystad,"Accounting, Banking & Finance",396000.000000
"Washington, D.C.","Accounting, Banking & Finance",338250.000000
Kochi,"Accounting, Banking & Finance",300000.000000
Buford,"Accounting, Banking & Finance",250000.000000
"Birmingham ","Accounting, Banking & Finance",235000.000000
"Sao Paulo","Accounting, Banking & Finance",226800.000000
Malvern,"Accounting, Banking & Finance",200000.000000
"Foster City","Accounting, Banking & Finance",200000.000000
Asheville,"Accounting, Banking & Finance",200000.000000
"New York Metro ","Accounting, Banking & Finance",195000.000000
Washington,"Accounting, Banking & Finance",194062.500000
"Houston Texas","Accounting, Banking & Finance",185000.000000
"New York ","Accounting, Banking & Finance",185000.000000
Natick,"Accounting, Banking & Finance",180000.000000
Warsaw,"Accounting, Banking & Finance",180000.000000
"Valparaiso ","Accounting, Banking & Finance",170000.000000
Weymouth,"Accounting, Banking & Finance",165000.000000
"Saint Louis","Accounting, Banking & Finance",165000.000000
Fairbury,"Accounting, Banking & Finance",165000.000000
"New York City ","Accounting, Banking & Finance",163256.500000
LA,"Accounting, Banking & Finance",160000.000000
"South Lake Tahoe","Accounting, Banking & Finance",160000.000000
"San Francisco ","Accounting, Banking & Finance",158455.000000
Franklin,"Accounting, Banking & Finance",158363.000000
"Boston ","Accounting, Banking & Finance",158187.666667
"Jersey City, NJ","Accounting, Banking & Finance",158000.000000
"Fully Remote (Greater Boston)","Accounting, Banking & Finance",155000.000000
Auckland,"Accounting, Banking & Finance",154333.333333
"Saddle Brook","Accounting, Banking & Finance",153000.000000
Brooklyn,"Accounting, Banking & Finance",150000.000000
"Austin ","Accounting, Banking & Finance",150000.000000
Redmond,"Accounting, Banking & Finance",148000.000000
"Washington ","Accounting, Banking & Finance",148000.000000
WFH,"Accounting, Banking & Finance",147000.000000
"San Francisco","Accounting, Banking & Finance",145345.714286
SHIRLEY,"Accounting, Banking & Finance",143000.000000
"NYC ","Accounting, Banking & Finance",142500.000000
"Phoenix ","Accounting, Banking & Finance",141000.000000
"Florham Park","Accounting, Banking & Finance",140000.000000
"Orange County","Accounting, Banking & Finance",140000.000000
Ayer,"Accounting, Banking & Finance",140000.000000
"Davenport ","Accounting, Banking & Finance",140000.000000
Lehi,"Accounting, Banking & Finance",140000.000000
Tysons,"Accounting, Banking & Finance",140000.000000
"New YorknCity","Accounting, Banking & Finance",140000.000000
"Redwood City","Accounting, Banking & Finance",139500.000000
Sydney,"Accounting, Banking & Finance",137600.000000
Zurich,"Accounting, Banking & Finance",135000.000000
"prefer not to say","Accounting, Banking & Finance",135000.000000
"Chester County","Accounting, Banking & Finance",133000.000000
Skillman,"Accounting, Banking & Finance",133000.000000
Hamilton,"Accounting, Banking & Finance",132500.000000
Reno,"Accounting, Banking & Finance",132500.000000
"Newark ","Accounting, Banking & Finance",132500.000000
Fairfax,"Accounting, Banking & Finance",132460.500000
Mclean,"Accounting, Banking & Finance",132055.555556
"South San Francisco","Accounting, Banking & Finance",131100.000000
"Cherry Hill","Accounting, Banking & Finance",130500.000000
"Miami Beach","Accounting, Banking & Finance",130000.000000
" Chicago","Accounting, Banking & Finance",130000.000000
"New York","Accounting, Banking & Finance",129805.687500
NYC,"Accounting, Banking & Finance",129800.000000
"Twin Cities suburbs","Accounting, Banking & Finance",127000.000000
"Washington, DC","Accounting, Banking & Finance",125200.000000
"Neptune Beach","Accounting, Banking & Finance",125000.000000
Sunnyvale,"Accounting, Banking & Finance",125000.000000
Newberg,"Accounting, Banking & Finance",125000.000000
Concord,"Accounting, Banking & Finance",124155.000000
"Large metro area","Accounting, Banking & Finance",122709.000000
Irvine,"Accounting, Banking & Finance",122500.000000
"Decline to answer","Accounting, Banking & Finance",122000.000000
AtlantA,"Accounting, Banking & Finance",120234.782609
"Greater Toronto Area","Accounting, Banking & Finance",120000.000000
Tucson,"Accounting, Banking & Finance",120000.000000
"Utah County","Accounting, Banking & Finance",120000.000000
"Munich ","Accounting, Banking & Finance",120000.000000
Northbrook,"Accounting, Banking & Finance",120000.000000
"Perth ","Accounting, Banking & Finance",120000.000000
Home,"Accounting, Banking & Finance",120000.000000
Vienna,"Accounting, Banking & Finance",120000.000000
"Charlottesville ","Accounting, Banking & Finance",120000.000000
"White Plains","Accounting, Banking & Finance",120000.000000
Wilmington,"Accounting, Banking & Finance",119900.000000
"New York City","Accounting, Banking & Finance",119806.413793
Plano,"Accounting, Banking & Finance",119000.000000
Chicago,"Accounting, Banking & Finance",118915.961538
Detroit,"Accounting, Banking & Finance",116247.000000
"Jersey City","Accounting, Banking & Finance",116225.000000
"San Jose","Accounting, Banking & Finance",116216.666667
"Vienna, VA","Accounting, Banking & Finance",115000.000000
Laurel,"Accounting, Banking & Finance",115000.000000
"Central Illinois","Accounting, Banking & Finance",115000.000000
Nashua,"Accounting, Banking & Finance",115000.000000
"Calgary Alberta Canada","Accounting, Banking & Finance",115000.000000
Brussels,"Accounting, Banking & Finance",114333.333333
"Sydney ","Accounting, Banking & Finance",114000.000000
Alexandria,"Accounting, Banking & Finance",113000.000000
Glenview,"Accounting, Banking & Finance",112500.000000
"Lancaster ","Accounting, Banking & Finance",112000.000000
"Cincinnati ","Accounting, Banking & Finance",112000.000000
Anchorage,"Accounting, Banking & Finance",111866.666667
Ewing,"Accounting, Banking & Finance",111000.000000
Boston,"Accounting, Banking & Finance",110769.125000
Bloomington,"Accounting, Banking & Finance",110000.000000
"DMV Metro Area","Accounting, Banking & Finance",110000.000000
Enon,"Accounting, Banking & Finance",110000.000000
"Hampton Roads","Accounting, Banking & Finance",110000.000000
Quincy,"Accounting, Banking & Finance",110000.000000
Singapore,"Accounting, Banking & Finance",110000.000000
Olympia,"Accounting, Banking & Finance",110000.000000
Renton,"Accounting, Banking & Finance",109700.000000
"Los Angeles","Accounting, Banking & Finance",108961.032258
Auburn,"Accounting, Banking & Finance",108250.000000
"Owings Mills","Accounting, Banking & Finance",108000.000000
Dallas,"Accounting, Banking & Finance",107807.708333
DC,"Accounting, Banking & Finance",107500.000000
"League city","Accounting, Banking & Finance",107500.000000
"Pittsburgh area","Accounting, Banking & Finance",107000.000000
Ashland,"Accounting, Banking & Finance",106600.000000
"Charlotte ","Accounting, Banking & Finance",106250.000000
Melbourne,"Accounting, Banking & Finance",106204.200000
Providence,"Accounting, Banking & Finance",105450.000000
Calgary,"Accounting, Banking & Finance",105142.857143
"Walnut Creek","Accounting, Banking & Finance",105000.000000
"San Ramon ","Accounting, Banking & Finance",105000.000000
Potomac,"Accounting, Banking & Finance",105000.000000
"Nashville ","Accounting, Banking & Finance",105000.000000
Erie,"Accounting, Banking & Finance",105000.000000
"Vancouver,  BC","Accounting, Banking & Finance",104000.000000
Bethesda,"Accounting, Banking & Finance",103000.000000
"Mount Washington ","Accounting, Banking & Finance",102000.000000
Denver,"Accounting, Banking & Finance",101689.285714
ROCHESTER,"Accounting, Banking & Finance",101240.000000
Hartford,"Accounting, Banking & Finance",101000.000000
Lorton,"Accounting, Banking & Finance",101000.000000
"St. Louis","Accounting, Banking & Finance",100876.933333
Baltimore,"Accounting, Banking & Finance",100160.000000
Philadelphia,"Accounting, Banking & Finance",100090.000000
Tampa,"Accounting, Banking & Finance",100063.636364
"Lake Buena Vista","Accounting, Banking & Finance",100000.000000
Newtown,"Accounting, Banking & Finance",100000.000000
Hjsjs,"Accounting, Banking & Finance",100000.000000
Hartforz,"Accounting, Banking & Finance",100000.000000
"Richmond ","Accounting, Banking & Finance",99666.666667
"Mount Laurel","Accounting, Banking & Finance",99000.000000
Peoria,"Accounting, Banking & Finance",98800.000000
Arlington,"Accounting, Banking & Finance",98666.666667
Ogden,"Accounting, Banking & Finance",98000.000000
"Washington DC","Accounting, Banking & Finance",98000.000000
"San diego ","Accounting, Banking & Finance",97557.000000
Hollywood,"Accounting, Banking & Finance",97200.000000
"Des Moines","Accounting, Banking & Finance",97028.500000
Altoona,"Accounting, Banking & Finance",97000.000000
Dubbo,"Accounting, Banking & Finance",97000.000000
"San Jose ","Accounting, Banking & Finance",97000.000000
"Spokane ","Accounting, Banking & Finance",97000.000000
"Boca Raton","Accounting, Banking & Finance",96642.000000
Irving,"Accounting, Banking & Finance",96433.333333
"Overland Park","Accounting, Banking & Finance",96000.000000
"Yellowknife, NT","Accounting, Banking & Finance",96000.000000
Tracy,"Accounting, Banking & Finance",96000.000000
"Minneapolis ","Accounting, Banking & Finance",95742.857143
Phoenix,"Accounting, Banking & Finance",95742.352941
Elko,"Accounting, Banking & Finance",95400.000000
"Minneapolis-St. Paul","Accounting, Banking & Finance",95300.000000
"Sacramento ","Accounting, Banking & Finance",95000.000000
"Metro NYC","Accounting, Banking & Finance",95000.000000
Cary,"Accounting, Banking & Finance",95000.000000
Midwest,"Accounting, Banking & Finance",95000.000000
"I work from home (permanent)","Accounting, Banking & Finance",95000.000000
"Seattle ","Accounting, Banking & Finance",94666.666667
Princeton,"Accounting, Banking & Finance",94240.750000
"Grand Rapids","Accounting, Banking & Finance",94240.000000
Waco,"Accounting, Banking & Finance",94000.000000
Austin,"Accounting, Banking & Finance",93713.333333
Seattle,"Accounting, Banking & Finance",93106.296296
"Chanhassen ","Accounting, Banking & Finance",93000.000000
"Colorado Springs","Accounting, Banking & Finance",93000.000000
Jacksonville,"Accounting, Banking & Finance",92916.666667
Frisco,"Accounting, Banking & Finance",92500.000000
Newark,"Accounting, Banking & Finance",91875.000000
"Mentor, Ohio","Accounting, Banking & Finance",91520.000000
Muskego,"Accounting, Banking & Finance",91500.000000
"Kansas City","Accounting, Banking & Finance",91333.333333
Orlando,"Accounting, Banking & Finance",91009.090909
"San Dieg","Accounting, Banking & Finance",91000.000000
"New Orleans","Accounting, Banking & Finance",91000.000000
Norfolk,"Accounting, Banking & Finance",90308.250000
Burnaby,"Accounting, Banking & Finance",90100.000000
Beaverton,"Accounting, Banking & Finance",90000.000000
Saxonburg,"Accounting, Banking & Finance",90000.000000
"Palm Springs","Accounting, Banking & Finance",90000.000000
Devon,"Accounting, Banking & Finance",90000.000000
Fargo,"Accounting, Banking & Finance",90000.000000
burbank,"Accounting, Banking & Finance",89900.000000
Houston,"Accounting, Banking & Finance",89802.941176
Hillsboro,"Accounting, Banking & Finance",89750.000000
Vancouver,"Accounting, Banking & Finance",89688.235294
"Ellicott City","Accounting, Banking & Finance",89500.000000
"North Platte","Accounting, Banking & Finance",89000.000000
"Raleigh ","Accounting, Banking & Finance",89000.000000
"Ann Arbor","Accounting, Banking & Finance",89000.000000
Nashville,"Accounting, Banking & Finance",88333.333333
Arcadia,"Accounting, Banking & Finance",88000.000000
"Windsor Locks","Accounting, Banking & Finance",87400.000000
"Austin metro area","Accounting, Banking & Finance",87000.000000
"Montgomery ","Accounting, Banking & Finance",87000.000000
" Charlottesville","Accounting, Banking & Finance",87000.000000
dublin,"Accounting, Banking & Finance",86805.555556
Joplin,"Accounting, Banking & Finance",86600.000000
Sacramento,"Accounting, Banking & Finance",86400.000000
Minneapolis,"Accounting, Banking & Finance",86393.000000
SC,"Accounting, Banking & Finance",86228.000000
"Metro Detroit ","Accounting, Banking & Finance",86000.000000
Raleigh,"Accounting, Banking & Finance",85714.285714
Charlotte,"Accounting, Banking & Finance",85663.636364
"Oklahoma City","Accounting, Banking & Finance",85000.000000
"Jonesboro ","Accounting, Banking & Finance",85000.000000
Düsseldorf,"Accounting, Banking & Finance",85000.000000
Annapolis,"Accounting, Banking & Finance",85000.000000
Bellingham,"Accounting, Banking & Finance",85000.000000
Missoula,"Accounting, Banking & Finance",85000.000000
"Sonoma County","Accounting, Banking & Finance",85000.000000
Southfield,"Accounting, Banking & Finance",85000.000000
"Apple Valley","Accounting, Banking & Finance",85000.000000
"Weehawken ","Accounting, Banking & Finance",85000.000000
"Houston ","Accounting, Banking & Finance",85000.000000
.,"Accounting, Banking & Finance",85000.000000
"College Station","Accounting, Banking & Finance",85000.000000
Fairbanks,"Accounting, Banking & Finance",85000.000000
"Philadelphia ","Accounting, Banking & Finance",84500.000000
Remote,"Accounting, Banking & Finance",84285.714286
"St. Paul","Accounting, Banking & Finance",83833.333333
"Santa Ana","Accounting, Banking & Finance",83000.000000
Cincinnati,"Accounting, Banking & Finance",82968.888889
EDINA,"Accounting, Banking & Finance",82500.000000
Pittsburgh,"Accounting, Banking & Finance",82420.625000
"Greater Boston","Accounting, Banking & Finance",82000.000000
"Santa Cruz","Accounting, Banking & Finance",82000.000000
Tupelo,"Accounting, Banking & Finance",82000.000000
"Sewickley ","Accounting, Banking & Finance",82000.000000
"Salt Lake City","Accounting, Banking & Finance",81986.181818
GC,"Accounting, Banking & Finance",81000.000000
"Las Vegas","Accounting, Banking & Finance",80666.666667
Athens,"Accounting, Banking & Finance",80530.000000
"Cambridge, ON","Accounting, Banking & Finance",80340.000000
Tennessee,"Accounting, Banking & Finance",80000.000000
Bedfordshire,"Accounting, Banking & Finance",80000.000000
Watertown,"Accounting, Banking & Finance",80000.000000
Greensboro,"Accounting, Banking & Finance",80000.000000
Weehawken,"Accounting, Banking & Finance",80000.000000
Larkspur,"Accounting, Banking & Finance",80000.000000
"Calumet City","Accounting, Banking & Finance",80000.000000
Purchase,"Accounting, Banking & Finance",80000.000000
"King of Prussia","Accounting, Banking & Finance",80000.000000
Salem,"Accounting, Banking & Finance",80000.000000
Montreal,"Accounting, Banking & Finance",79755.875000
Oakland,"Accounting, Banking & Finance",79333.333333
Ottawa,"Accounting, Banking & Finance",79333.333333
Portland,"Accounting, Banking & Finance",78620.185185
"Wilmington ","Accounting, Banking & Finance",78333.333333
"McLean ","Accounting, Banking & Finance",78309.666667
"San Diego","Accounting, Banking & Finance",78205.555556
Danbury,"Accounting, Banking & Finance",78000.000000
Puyallup,"Accounting, Banking & Finance",78000.000000
"Brentwood ","Accounting, Banking & Finance",78000.000000
Brick,"Accounting, Banking & Finance",77776.000000
"Buffalo ","Accounting, Banking & Finance",77666.666667
"Ottawa, Ontario","Accounting, Banking & Finance",77500.000000
Cleveland,"Accounting, Banking & Finance",77359.583333
Indianapolis,"Accounting, Banking & Finance",77302.454545
G,"Accounting, Banking & Finance",76800.000000
N/A-Remote,"Accounting, Banking & Finance",76500.000000
"Morristown ","Accounting, Banking & Finance",76000.000000
"Pittsburgh ","Accounting, Banking & Finance",76000.000000
Manhattan,"Accounting, Banking & Finance",76000.000000
"Naperville ","Accounting, Banking & Finance",76000.000000
Lafayette,"Accounting, Banking & Finance",76000.000000
Birmingham,"Accounting, Banking & Finance",75988.888889
"Columbia ","Accounting, Banking & Finance",75173.000000
Frederick,"Accounting, Banking & Finance",75125.000000
"Scott Depot","Accounting, Banking & Finance",75000.000000
"New Brunswick","Accounting, Banking & Finance",75000.000000
Kennesaw,"Accounting, Banking & Finance",75000.000000
"St. Thomas, USVI","Accounting, Banking & Finance",75000.000000
"Roseland ","Accounting, Banking & Finance",75000.000000
"Steinbach ","Accounting, Banking & Finance",75000.000000
Camden,"Accounting, Banking & Finance",75000.000000
"Vine Grove","Accounting, Banking & Finance",75000.000000
"Crescent City","Accounting, Banking & Finance",75000.000000
"Arroyo Grande","Accounting, Banking & Finance",75000.000000
"Lynnwood ","Accounting, Banking & Finance",75000.000000
"Fort Worth ","Accounting, Banking & Finance",75000.000000
"Washington, DC ","Accounting, Banking & Finance",75000.000000
"Gold Coast","Accounting, Banking & Finance",75000.000000
"Chicago suburbs","Accounting, Banking & Finance",74560.000000
Charleston,"Accounting, Banking & Finance",74500.000000
Columbus,"Accounting, Banking & Finance",74350.000000
Greenville,"Accounting, Banking & Finance",74340.000000
"Williamsburg ","Accounting, Banking & Finance",74000.000000
"Full time remote employee (prior to pandemic)","Accounting, Banking & Finance",74000.000000
Kenosha,"Accounting, Banking & Finance",74000.000000
Allentown,"Accounting, Banking & Finance",74000.000000
Omaha,"Accounting, Banking & Finance",73800.000000
Brisbane,"Accounting, Banking & Finance",73673.333333
Richmond,"Accounting, Banking & Finance",73452.937500
"Columbus ","Accounting, Banking & Finance",73100.000000
"Secaucus, NJ","Accounting, Banking & Finance",73000.000000
"Chicago ","Accounting, Banking & Finance",72957.142857
Durham,"Accounting, Banking & Finance",72833.333333
N/a,"Accounting, Banking & Finance",72642.857143
"Los Angeles ","Accounting, Banking & Finance",72625.000000
"Vancouver ","Accounting, Banking & Finance",72500.000000
Wichita,"Accounting, Banking & Finance",72120.000000
"Little Rock ","Accounting, Banking & Finance",72000.000000
"Oceanside ","Accounting, Banking & Finance",72000.000000
Portlanf,"Accounting, Banking & Finance",72000.000000
"Fully Remote","Accounting, Banking & Finance",72000.000000
"Denver ","Accounting, Banking & Finance",71750.000000
"Toronto, ON","Accounting, Banking & Finance",71750.000000
Amsterdam,"Accounting, Banking & Finance",71600.000000
Lenexa,"Accounting, Banking & Finance",71500.000000
Liverpool,"Accounting, Banking & Finance",71500.000000
"Santa Rosa","Accounting, Banking & Finance",71360.000000
Rockville,"Accounting, Banking & Finance",71333.333333
Columbia,"Accounting, Banking & Finance",71069.600000
Holland,"Accounting, Banking & Finance",71000.000000
Louisville,"Accounting, Banking & Finance",70242.307692
Elgin,"Accounting, Banking & Finance",70200.000000
"San Antonio","Accounting, Banking & Finance",70165.555556
"Chapel Hill","Accounting, Banking & Finance",70025.000000
"A small city","Accounting, Banking & Finance",70000.000000
"Kitchener ","Accounting, Banking & Finance",70000.000000
Berlin,"Accounting, Banking & Finance",70000.000000
"Morgantown ","Accounting, Banking & Finance",70000.000000
Albany,"Accounting, Banking & Finance",70000.000000
St.Louis,"Accounting, Banking & Finance",70000.000000
Marysville,"Accounting, Banking & Finance",70000.000000
"Overland Park ","Accounting, Banking & Finance",70000.000000
Bozeman,"Accounting, Banking & Finance",69916.000000
"Seattle, WA","Accounting, Banking & Finance",69700.000000
"Indianapolis ","Accounting, Banking & Finance",69500.000000
"Atlanta ","Accounting, Banking & Finance",69500.000000
Kennebunk,"Accounting, Banking & Finance",69444.500000
"Green Bay","Accounting, Banking & Finance",69201.000000
London,"Accounting, Banking & Finance",69064.910714
"The Hague","Accounting, Banking & Finance",69000.000000
North,"Accounting, Banking & Finance",69000.000000
Schaumburg,"Accounting, Banking & Finance",68685.000000
"Vienna ","Accounting, Banking & Finance",68598.000000
Aberdeen,"Accounting, Banking & Finance",68556.000000
Cambridge,"Accounting, Banking & Finance",68500.000000
Dayton,"Accounting, Banking & Finance",68400.000000
Charlottesville,"Accounting, Banking & Finance",67800.000000
Adelaide,"Accounting, Banking & Finance",67800.000000
Draper,"Accounting, Banking & Finance",67500.000000
Secaucus,"Accounting, Banking & Finance",67275.000000
Munich,"Accounting, Banking & Finance",67000.000000
"Mono, Ontario","Accounting, Banking & Finance",67000.000000
Edinburgh,"Accounting, Banking & Finance",66938.888889
"Louisville ","Accounting, Banking & Finance",66632.000000
"Greenville ","Accounting, Banking & Finance",66500.000000
"St Louis","Accounting, Banking & Finance",66250.000000
Winnipeg,"Accounting, Banking & Finance",66150.000000
Tulsa,"Accounting, Banking & Finance",66000.000000
"Schaumburg ","Accounting, Banking & Finance",66000.000000
Akron,"Accounting, Banking & Finance",66000.000000
Tempe,"Accounting, Banking & Finance",65500.000000
"Baton Rouge","Accounting, Banking & Finance",65250.000000
Richardson,"Accounting, Banking & Finance",65000.000000
"I work remotely with clients across the country","Accounting, Banking & Finance",65000.000000
"Falls Church","Accounting, Banking & Finance",65000.000000
"Port orchard ","Accounting, Banking & Finance",65000.000000
Pensacola,"Accounting, Banking & Finance",65000.000000
"Jacksonville ","Accounting, Banking & Finance",65000.000000
"Fort Myers","Accounting, Banking & Finance",65000.000000
"Platte City","Accounting, Banking & Finance",65000.000000
"South Charleston ","Accounting, Banking & Finance",65000.000000
"Horsham ","Accounting, Banking & Finance",64500.000000
Albuquerque,"Accounting, Banking & Finance",64500.000000
DFW,"Accounting, Banking & Finance",64500.000000
Andover,"Accounting, Banking & Finance",64200.000000
Poughkeepsie,"Accounting, Banking & Finance",64172.000000
Milwaukee,"Accounting, Banking & Finance",64100.000000
"Sioux Falls","Accounting, Banking & Finance",64000.000000
"Not a city ","Accounting, Banking & Finance",64000.000000
Midland,"Accounting, Banking & Finance",64000.000000
Merrimack,"Accounting, Banking & Finance",64000.000000
Savannah,"Accounting, Banking & Finance",63803.000000
Shreveport,"Accounting, Banking & Finance",63600.000000
"Long Beach","Accounting, Banking & Finance",63000.000000
"McKinney ","Accounting, Banking & Finance",63000.000000
"Johns Creek","Accounting, Banking & Finance",62500.000000
"Springfield ","Accounting, Banking & Finance",62500.000000
Medford,"Accounting, Banking & Finance",62500.000000
Lomdon,"Accounting, Banking & Finance",62500.000000
Pasadena,"Accounting, Banking & Finance",62400.000000
Carlsbad,"Accounting, Banking & Finance",62400.000000
Braintree,"Accounting, Banking & Finance",62400.000000
Bigfork,"Accounting, Banking & Finance",62088.000000
"Appleton ","Accounting, Banking & Finance",62000.000000
"Memphis ","Accounting, Banking & Finance",62000.000000
"Metro Detroit area","Accounting, Banking & Finance",62000.000000
"St. Cloud","Accounting, Banking & Finance",62000.000000
Surrey,"Accounting, Banking & Finance",62000.000000
"New Ulm","Accounting, Banking & Finance",62000.000000
Madison,"Accounting, Banking & Finance",61649.750000
"Saint Louis ","Accounting, Banking & Finance",61500.000000
"South Jordan","Accounting, Banking & Finance",61400.000000
"Prefer not to answer","Accounting, Banking & Finance",61333.333333
"Decatur ","Accounting, Banking & Finance",61000.000000
"Düsseldorf ","Accounting, Banking & Finance",60500.000000
Troy,"Accounting, Banking & Finance",60378.500000
Huntsville,"Accounting, Banking & Finance",60333.333333
"West Grove","Accounting, Banking & Finance",60320.000000
"Collinsville ","Accounting, Banking & Finance",60200.000000
Fishers,"Accounting, Banking & Finance",60156.000000
Milan,"Accounting, Banking & Finance",60000.000000
"New Hope","Accounting, Banking & Finance",60000.000000
"Prefer not to provide","Accounting, Banking & Finance",60000.000000
Everett,"Accounting, Banking & Finance",60000.000000
"Bonita Springs","Accounting, Banking & Finance",60000.000000
"New york City/Manhattan ","Accounting, Banking & Finance",60000.000000
"Coeur d'Alene","Accounting, Banking & Finance",60000.000000
"Bloomington ","Accounting, Banking & Finance",60000.000000
"Arlington Heights","Accounting, Banking & Finance",60000.000000
"Walla Walla","Accounting, Banking & Finance",60000.000000
Blaine,"Accounting, Banking & Finance",60000.000000
"Clifton Park","Accounting, Banking & Finance",59500.000000
Springfield,"Accounting, Banking & Finance",59100.000000
"Slave lake ","Accounting, Banking & Finance",59000.000000
"Santa barbara","Accounting, Banking & Finance",59000.000000
"Iowa City","Accounting, Banking & Finance",58833.333333
"Halifax, Nova Scotia","Accounting, Banking & Finance",58720.000000
Edmonton,"Accounting, Banking & Finance",58225.000000
"Tacoma ","Accounting, Banking & Finance",58000.000000
Rural,"Accounting, Banking & Finance",58000.000000
"District of Columbia","Accounting, Banking & Finance",58000.000000
Memphis,"Accounting, Banking & Finance",57666.666667
Reston,"Accounting, Banking & Finance",57500.000000
"Suburb of Philadelphia","Accounting, Banking & Finance",57400.000000
Mead,"Accounting, Banking & Finance",57000.000000
"Saginaw ","Accounting, Banking & Finance",57000.000000
Brighton,"Accounting, Banking & Finance",57000.000000
"Quebec City","Accounting, Banking & Finance",57000.000000
Novato,"Accounting, Banking & Finance",57000.000000
"Lincoln, RI ","Accounting, Banking & Finance",56500.000000
"Dubuque ","Accounting, Banking & Finance",56000.000000
"Twin cities","Accounting, Banking & Finance",56000.000000
"Fort Lauderdale","Accounting, Banking & Finance",56000.000000
Victoria,"Accounting, Banking & Finance",56000.000000
"Baltimore suburbs","Accounting, Banking & Finance",56000.000000
Chattanooga,"Accounting, Banking & Finance",55500.000000
Horsham,"Accounting, Banking & Finance",55467.000000
Broomfield,"Accounting, Banking & Finance",55325.000000
cody,"Accounting, Banking & Finance",55120.000000
Other,"Accounting, Banking & Finance",55000.000000
Lewiston,"Accounting, Banking & Finance",55000.000000
Anacortes,"Accounting, Banking & Finance",55000.000000
"Vernon hills","Accounting, Banking & Finance",55000.000000
Philly,"Accounting, Banking & Finance",55000.000000
"San Francisco Bay Area","Accounting, Banking & Finance",55000.000000
Morristown,"Accounting, Banking & Finance",55000.000000
Chandler,"Accounting, Banking & Finance",55000.000000
"Not provided","Accounting, Banking & Finance",55000.000000
"Machesney Park","Accounting, Banking & Finance",55000.000000
Marietta,"Accounting, Banking & Finance",55000.000000
"Saint Paul","Accounting, Banking & Finance",55000.000000
"Albuquerque ","Accounting, Banking & Finance",55000.000000
Rockford,"Accounting, Banking & Finance",55000.000000
Knoxville,"Accounting, Banking & Finance",55000.000000
Boise,"Accounting, Banking & Finance",54700.000000
Woburn,"Accounting, Banking & Finance",54500.000000
Canton,"Accounting, Banking & Finance",54333.333333
Boulder,"Accounting, Banking & Finance",54000.000000
"La Crosse","Accounting, Banking & Finance",54000.000000
"Laguna Hills","Accounting, Banking & Finance",54000.000000
"La Porte","Accounting, Banking & Finance",54000.000000
Kitchener,"Accounting, Banking & Finance",54000.000000
"Edinburgh ","Accounting, Banking & Finance",53500.000000
"Grand Rapids ","Accounting, Banking & Finance",53375.000000
"Downers Grove","Accounting, Banking & Finance",53045.000000
Flemington,"Accounting, Banking & Finance",53040.000000
"Twin Falls","Accounting, Banking & Finance",53000.000000
Montgomery,"Accounting, Banking & Finance",53000.000000
Waterloo,"Accounting, Banking & Finance",53000.000000
Windsor,"Accounting, Banking & Finance",53000.000000
Greensburg,"Accounting, Banking & Finance",53000.000000
"Cape Girardeau ","Accounting, Banking & Finance",52500.000000
Alberta,"Accounting, Banking & Finance",52500.000000
"West Hartford","Accounting, Banking & Finance",52000.000000
"Halifax ","Accounting, Banking & Finance",52000.000000
"Northbrook/ Charlotte","Accounting, Banking & Finance",52000.000000
Burlington,"Accounting, Banking & Finance",52000.000000
"Lexington ","Accounting, Banking & Finance",51000.000000
Morrisville,"Accounting, Banking & Finance",51000.000000
Livonia,"Accounting, Banking & Finance",50900.000000
Spokane,"Accounting, Banking & Finance",50628.833333
"Cedar Rapids","Accounting, Banking & Finance",50614.000000
Muscatine,"Accounting, Banking & Finance",50500.000000
Buffalo,"Accounting, Banking & Finance",50158.000000
Carpinteria,"Accounting, Banking & Finance",50000.000000
"Romeoville ","Accounting, Banking & Finance",50000.000000
Perth,"Accounting, Banking & Finance",50000.000000
Fairfield,"Accounting, Banking & Finance",50000.000000
"rockford area","Accounting, Banking & Finance",50000.000000
"Central MD","Accounting, Banking & Finance",50000.000000
"St Louis ","Accounting, Banking & Finance",50000.000000
Lansing,"Accounting, Banking & Finance",50000.000000
Martinsburg,"Accounting, Banking & Finance",49088.000000
"Elizabethtown ","Accounting, Banking & Finance",49000.000000
Hopkins,"Accounting, Banking & Finance",48763.000000
Worcester,"Accounting, Banking & Finance",48495.000000
"Virginia Beach","Accounting, Banking & Finance",48000.000000
Lowell,"Accounting, Banking & Finance",48000.000000
"Birmingham, UK","Accounting, Banking & Finance",48000.000000
Eagan,"Accounting, Banking & Finance",48000.000000
Tacoma,"Accounting, Banking & Finance",48000.000000
Loveland,"Accounting, Banking & Finance",47840.000000
"Sarasota ","Accounting, Banking & Finance",47840.000000
Guelph,"Accounting, Banking & Finance",47750.000000
Fullerton,"Accounting, Banking & Finance",47216.000000
Maitland,"Accounting, Banking & Finance",47125.000000
"Calgary, AB","Accounting, Banking & Finance",47000.000000
Halifax,"Accounting, Banking & Finance",47000.000000
"Chicago/Deerfield (two offices)","Accounting, Banking & Finance",46280.000000
Phx,"Accounting, Banking & Finance",45760.000000
Anaheim,"Accounting, Banking & Finance",45760.000000
Jackson,"Accounting, Banking & Finance",45710.000000
Lakewood,"Accounting, Banking & Finance",45676.500000
"Scottsdale ","Accounting, Banking & Finance",45654.000000
Miami,"Accounting, Banking & Finance",45240.000000
"Washington state","Accounting, Banking & Finance",45000.000000
"Wichita ","Accounting, Banking & Finance",45000.000000
"Glenwood Springs ","Accounting, Banking & Finance",45000.000000
"Palm Coast","Accounting, Banking & Finance",45000.000000
Lancaster,"Accounting, Banking & Finance",45000.000000
Bath,"Accounting, Banking & Finance",45000.000000
"Alexandria ","Accounting, Banking & Finance",45000.000000
"Wauseon ","Accounting, Banking & Finance",44750.000000
"Baltimore ","Accounting, Banking & Finance",44491.000000
"Worcester area","Accounting, Banking & Finance",43875.000000
"Melbourne ","Accounting, Banking & Finance",43875.000000
"Mankato ","Accounting, Banking & Finance",43680.000000
"London ","Accounting, Banking & Finance",43075.000000
"Fort Fairfield","Accounting, Banking & Finance",43000.000000
Denton,"Accounting, Banking & Finance",43000.000000
Lubbock,"Accounting, Banking & Finance",43000.000000
"Brea CA","Accounting, Banking & Finance",42000.000000
"Pittsburg ","Accounting, Banking & Finance",42000.000000
"Hampton ","Accounting, Banking & Finance",42000.000000
Queensbury,"Accounting, Banking & Finance",42000.000000
Croydon,"Accounting, Banking & Finance",42000.000000
"Portsmouth ","Accounting, Banking & Finance",42000.000000
Bangor,"Accounting, Banking & Finance",41626.666667
Covina,"Accounting, Banking & Finance",41600.000000
Williston,"Accounting, Banking & Finance",41600.000000
WATERBURY,"Accounting, Banking & Finance",41600.000000
Manchester,"Accounting, Banking & Finance",41441.428571
"Ruther Glen","Accounting, Banking & Finance",41200.000000
"Jackson Hole","Accounting, Banking & Finance",41000.000000
Winston-Salem,"Accounting, Banking & Finance",41000.000000
York,"Accounting, Banking & Finance",40582.500000
Sheffield,"Accounting, Banking & Finance",40225.000000
Hinckley,"Accounting, Banking & Finance",40116.000000
"Oak Park","Accounting, Banking & Finance",40000.000000
Vernon,"Accounting, Banking & Finance",40000.000000
"Willowbrook ","Accounting, Banking & Finance",40000.000000
Gallatin,"Accounting, Banking & Finance",40000.000000
Telford,"Accounting, Banking & Finance",40000.000000
Lincoln,"Accounting, Banking & Finance",39977.500000
Sidney,"Accounting, Banking & Finance",39645.000000
Leeds,"Accounting, Banking & Finance",39500.000000
Toledo,"Accounting, Banking & Finance",39000.000000
"St. Petersburg","Accounting, Banking & Finance",39000.000000
"New Paltz","Accounting, Banking & Finance",39000.000000
"Fort wayne","Accounting, Banking & Finance",38875.000000
Fredericksburg,"Accounting, Banking & Finance",38200.000000
"Merritt Island","Accounting, Banking & Finance",38000.000000
"Centerville ","Accounting, Banking & Finance",38000.000000
NULL,"Accounting, Banking & Finance",38000.000000
UK,"Accounting, Banking & Finance",38000.000000
Saline,"Accounting, Banking & Finance",37960.000000
"CENTRAL CITY ","Accounting, Banking & Finance",37900.000000
Barnstable,"Accounting, Banking & Finance",37700.000000
Bristol,"Accounting, Banking & Finance",37666.666667
"Orlando ","Accounting, Banking & Finance",37000.000000
"Bowmanville ","Accounting, Banking & Finance",37000.000000
Glasgow,"Accounting, Banking & Finance",36764.500000
"North East ","Accounting, Banking & Finance",36400.000000
Champaign,"Accounting, Banking & Finance",36075.000000
"Dublin ","Accounting, Banking & Finance",36000.000000
"Rock Springs","Accounting, Banking & Finance",35360.000000
Northfield,"Accounting, Banking & Finance",35360.000000
"El Paso","Accounting, Banking & Finance",35000.000000
"Tell city","Accounting, Banking & Finance",35000.000000
Hyannis,"Accounting, Banking & Finance",35000.000000
NY,"Accounting, Banking & Finance",35000.000000
Billings,"Accounting, Banking & Finance",34840.000000
Bemidji,"Accounting, Banking & Finance",34500.000000
Stanwood,"Accounting, Banking & Finance",34320.000000
"Sun Prairie","Accounting, Banking & Finance",33800.000000
Cork,"Accounting, Banking & Finance",33700.000000
"Boynton Beach","Accounting, Banking & Finance",33200.000000
Sussex,"Accounting, Banking & Finance",33000.000000
Dundee,"Accounting, Banking & Finance",32727.000000
"Cardiff ","Accounting, Banking & Finance",32500.000000
"Newcastle ","Accounting, Banking & Finance",32250.000000
"Welwyn Garden City","Accounting, Banking & Finance",32000.000000
Elkridge,"Accounting, Banking & Finance",31400.000000
Opelika,"Accounting, Banking & Finance",31200.000000
Racine,"Accounting, Banking & Finance",31000.000000
"Johannesburg ","Accounting, Banking & Finance",30000.000000
Cardington,"Accounting, Banking & Finance",30000.000000
Kent,"Accounting, Banking & Finance",30000.000000
Granbury,"Accounting, Banking & Finance",30000.000000
Lexington,"Accounting, Banking & Finance",29730.000000
"Sunderland ","Accounting, Banking & Finance",29500.000000
BELFAST,"Accounting, Banking & Finance",29000.000000
Gloucester,"Accounting, Banking & Finance",28735.000000
Minocqua,"Accounting, Banking & Finance",28080.000000
"Milton Keynes, UK","Accounting, Banking & Finance",28000.000000
"Pittsburgh, PA","Accounting, Banking & Finance",28000.000000
Thame,"Accounting, Banking & Finance",28000.000000
Tallinn,"Accounting, Banking & Finance",27960.000000
"Cambridge ","Accounting, Banking & Finance",27825.000000
"Ciudad de Panamá","Accounting, Banking & Finance",27600.000000
"Carlisle ","Accounting, Banking & Finance",27500.000000
"South East England","Accounting, Banking & Finance",27250.000000
"Idaho Falls","Accounting, Banking & Finance",27040.000000
"Newcastle upon Tyne","Accounting, Banking & Finance",27000.000000
"Bournemouth ","Accounting, Banking & Finance",26500.000000
Northampton,"Accounting, Banking & Finance",25578.666667
Norman,"Accounting, Banking & Finance",25000.000000
Truro,"Accounting, Banking & Finance",25000.000000
"New albany","Accounting, Banking & Finance",25000.000000
"Bristol ","Accounting, Banking & Finance",24000.000000
Southampton,"Accounting, Banking & Finance",23000.000000
Winchester,"Accounting, Banking & Finance",22500.000000
Poth,"Accounting, Banking & Finance",21000.000000
test,"Accounting, Banking & Finance",20000.000000
Paris,"Accounting, Banking & Finance",19891.333333
"Coventry ","Accounting, Banking & Finance",19500.000000
"Bogotá ","Accounting, Banking & Finance",15000.000000
Carlisle,"Accounting, Banking & Finance",10500.000000
Norwich,"Accounting, Banking & Finance",9000.000000
"Fort Worth","Accounting, Banking & Finance",5700.000000
Yangon,"Accounting, Banking & Finance",1200.000000
LOUTRECITY,"Accounting, Banking & Finance",1000.000000
barcelona,"Accounting, Banking & Finance",30.000000
dhgbfv,"Accounting, Banking & Finance",15.000000
na,"Accounting, Banking & Finance",0.000000
Dublin,Actuarial,41000.000000
"New York City",Administration,40000.000000
Sarasota,"Administration ",30000.000000
"Lake Charles","Administration (food service)",29120.000000
Ontario,"Administration in MLM",42000.000000
"Stockholm. But also from Italy (online work). Or anywhere actually.","Administration, IT",63300.000000
Oswego,"Administrative ",35360.000000
"Medford ","Administrative Support",67558.000000
"Saint Paul","Administrative Work",51000.000000
Friedrichsdorf,"Adult education",35568.000000
Denver,Aerospace,155000.000000
Pasadena,Aerospace,99000.000000
"East Hartford",Aerospace,66000.000000
Chicago,"Aerospace ",107000.000000
Sacramento,"Aerospace & Defense",128000.000000
Tucson,"Aerospace and Defense",98000.000000
Denver,"Aerospace and Defense",59500.000000
"Colorado Springs","Aerospace and Defense/Government Contracting",52000.000000
"Colorado Springs","Aerospace contracting",122000.000000
Englewood,"aerospace data",57000.000000
Kent,"Aerospace Manufacturing",154500.000000
Montreal,Aerospace/aviation,76000.000000
Cleveland,"Aerospace/Aviation ",90000.000000
Providence,Aerospace/Defense,68800.000000
"Los Angeles","Affordable Housing Real Estate Development (nonprofit)",144200.000000
London,"Agriculture or Forestry",910000.000000
"Prefer not to say","Agriculture or Forestry",500000.000000
Boston,"Agriculture or Forestry",174400.000000
"Wilmington ","Agriculture or Forestry",165000.000000
Charlotte,"Agriculture or Forestry",150000.000000
Regina,"Agriculture or Forestry",140000.000000
Seattle,"Agriculture or Forestry",135000.000000
Remote,"Agriculture or Forestry",130000.000000
"St Paul","Agriculture or Forestry",125000.000000
"Orange County","Agriculture or Forestry",122000.000000
Saskatoon,"Agriculture or Forestry",121000.000000
Nope,"Agriculture or Forestry",120000.000000
Riverdale,"Agriculture or Forestry",120000.000000
"Buenos Aires ","Agriculture or Forestry",114000.000000
Danbury,"Agriculture or Forestry",113000.000000
"Salt Lake City","Agriculture or Forestry",104735.000000
Nevada,"Agriculture or Forestry",102000.000000
Geyserville,"Agriculture or Forestry",101000.000000
Stratford,"Agriculture or Forestry",100000.000000
"Kansas City","Agriculture or Forestry",97500.000000
"Cleveland ","Agriculture or Forestry",96000.000000
"Paso Robles","Agriculture or Forestry",95600.000000
"Port Austin","Agriculture or Forestry",95000.000000
Denver,"Agriculture or Forestry",94000.000000
Perth,"Agriculture or Forestry",91800.000000
Augusta,"Agriculture or Forestry",91000.000000
"Union, NJ","Agriculture or Forestry",90000.000000
Montreal,"Agriculture or Forestry",90000.000000
Brisbane,"Agriculture or Forestry",90000.000000
Boise,"Agriculture or Forestry",88950.000000
Eastern,"Agriculture or Forestry",88000.000000
Antwerp,"Agriculture or Forestry",87500.000000
Regional,"Agriculture or Forestry",85800.000000
Loveland,"Agriculture or Forestry",85000.000000
"St. Louis","Agriculture or Forestry",85000.000000
Yuma,"Agriculture or Forestry",84000.000000
Portland,"Agriculture or Forestry",83000.000000
Galway,"Agriculture or Forestry",83000.000000
Raeford,"Agriculture or Forestry",83000.000000
Durham,"Agriculture or Forestry",82200.000000
Guelph,"Agriculture or Forestry",82000.000000
Raleigh,"Agriculture or Forestry",81500.000000
Waterloo,"Agriculture or Forestry",81000.000000
Fresno,"Agriculture or Forestry",80500.000000
NYC,"Agriculture or Forestry",80000.000000
"Lexington ","Agriculture or Forestry",80000.000000
Tornto,"Agriculture or Forestry",80000.000000
Raleigh-Durham,"Agriculture or Forestry",77250.000000
"I work from home in N Yorkshire","Agriculture or Forestry",75000.000000
"Saint Helena ","Agriculture or Forestry",75000.000000
"Bay area","Agriculture or Forestry",74000.000000
"Sacramento ","Agriculture or Forestry",74000.000000
"Campbell River ","Agriculture or Forestry",72100.000000
Decatur,"Agriculture or Forestry",72000.000000
Centralia,"Agriculture or Forestry",72000.000000
Greensboro,"Agriculture or Forestry",70000.000000
Harrisonburg,"Agriculture or Forestry",70000.000000
Omaha,"Agriculture or Forestry",69750.000000
Lima,"Agriculture or Forestry",69000.000000
"British columbia","Agriculture or Forestry",68500.000000
Hunterville,"Agriculture or Forestry",68000.000000
Wayzata,"Agriculture or Forestry",67000.000000
"Victoria ","Agriculture or Forestry",66851.000000
Batavia,"Agriculture or Forestry",66250.000000
"Champaign Area","Agriculture or Forestry",66000.000000
"rural area","Agriculture or Forestry",62500.000000
Minneapolis,"Agriculture or Forestry",62500.000000
Barnstable,"Agriculture or Forestry",60000.000000
"Prince George","Agriculture or Forestry",58303.000000
"Amherst, MA","Agriculture or Forestry",56000.000000
"Dripping Springs","Agriculture or Forestry",55000.000000
Freeport,"Agriculture or Forestry",55000.000000
"Rural Iowa","Agriculture or Forestry",53000.000000
Hampton,"Agriculture or Forestry",52500.000000
Kingsburg,"Agriculture or Forestry",52000.000000
Pottstown,"Agriculture or Forestry",52000.000000
"Garnet Valley","Agriculture or Forestry",52000.000000
"Madison ","Agriculture or Forestry",52000.000000
Snohomish,"Agriculture or Forestry",52000.000000
"St. Paul","Agriculture or Forestry",51500.000000
Adelaide,"Agriculture or Forestry",50768.000000
"Fort Wayne","Agriculture or Forestry",50000.000000
"Winter Park","Agriculture or Forestry",48000.000000
Olathe,"Agriculture or Forestry",47600.000000
"Coventry ","Agriculture or Forestry",47000.000000
"Twin Cities Area","Agriculture or Forestry",46800.000000
Hatfield,"Agriculture or Forestry",46113.000000
Seymour,"Agriculture or Forestry",46000.000000
Miami,"Agriculture or Forestry",46000.000000
"Eugene, OR","Agriculture or Forestry",46000.000000
Parma,"Agriculture or Forestry",45760.000000
Baltimore,"Agriculture or Forestry",44106.666667
"Topeka ","Agriculture or Forestry",43000.000000
"Halifax, Nova Scotia","Agriculture or Forestry",43000.000000
Benton,"Agriculture or Forestry",42000.000000
Horst,"Agriculture or Forestry",41330.000000
Toronto,"Agriculture or Forestry",40000.000000
Austin,"Agriculture or Forestry",40000.000000
Shelton,"Agriculture or Forestry",39600.000000
"north bay","Agriculture or Forestry",39520.000000
Manhattan,"Agriculture or Forestry",39520.000000
Laramie,"Agriculture or Forestry",39520.000000
"Montana ","Agriculture or Forestry",36000.000000
"Woodstock ","Agriculture or Forestry",35880.000000
Keiser,"Agriculture or Forestry",35600.000000
Rupert,"Agriculture or Forestry",35360.000000
Viroqua,"Agriculture or Forestry",35000.000000
Lincoln,"Agriculture or Forestry",35000.000000
Toledo,"Agriculture or Forestry",34000.000000
Mahomet,"Agriculture or Forestry",31200.000000
Lexington,"Agriculture or Forestry",30000.000000
Portsmouth,"Agriculture or Forestry",30000.000000
"Glen Allen","Agriculture or Forestry",29808.000000
Metairie,"Agriculture or Forestry",29000.000000
"Rapid City","Agriculture or Forestry",29000.000000
Glastonbury,"Agriculture or Forestry",26000.000000
"Torre pacheco","Agriculture or Forestry",23400.000000
Lancashire,"Agriculture or Forestry",19200.000000
"North East","Agriculture or Forestry",17000.000000
"Atlanta ","Agriculture or Forestry",10500.000000
"Santa Fe","Agriculture or Forestry",130.000000
"Fraser valley","Agriculture or Forestry",52.000000
"Saint Louis ","Agriculture/Agriculture Chemical ",91112.000000
Dallas,Airline,80000.000000
Boston,AmeriCorps,15400.000000
"Oklahoma City","Analytical Chemistry",56000.000000
Undisclosed,"Analytical lab",30368.000000
Minnepolis,Analytics,162000.000000
Omaha,"Animal care",32489.000000
"Augusta ","Animal Care",32000.000000
Clinton,"Animal Health",72000.000000
"I work remotely, but based in San Diego ","Animal health industry",127000.000000
Clinton,"Animal Health Product Manufacturing",75000.000000
"san francisco","Animal welfare",82908.000000
Toronto,Animation,79000.000000
Baltimore,Apparel,95000.000000
"Portland Metro area",Apparel,60000.000000
"Portland ","Apparel ",125000.000000
Vienna,"apparel design/product development ",52000.000000
"New York ","Apparel manufacture",66000.000000
"Edinburgh ",Archaeologist,48000.000000
"Western Slope",Archaeology,55000.000000
Denver,"Archaeology / Cultural Resource Management",79000.000000
Seattle,"Archaeology/Cultural Resource Manager",110000.000000
"Kansas City",Architect,94500.000000
"Bloomington ","Architect ",96000.000000
Chicago,"Architectural/Land Planning/Civil Engineering",53500.000000
"San Francisco",Architecture,140620.000000
"Los Angeles",Architecture,118000.000000
Melbourne,Architecture,96000.000000
"New York City",Architecture,94333.333333
Calgary,Architecture,80000.000000
Honolulu,Architecture,80000.000000
"Fort Worth ",Architecture,71000.000000
Huntsville,Architecture,70000.000000
Austin,architecture,70000.000000
"New York",Architecture,68000.000000
Chicago,Architecture,65000.000000
Albuquerque,Architecture,60000.000000
Orlando,Architecture,60000.000000
"South Bend",Architecture,58000.000000
Lambertville,Architecture,58000.000000
Seattle,Architecture,55000.000000
Houston,Architecture,53000.000000
Burlington,Architecture,48880.000000
Raleigh,Architecture,43000.000000
"Chicago ","Architecture ",108000.000000
Portland,"Architecture ",105000.000000
Huntsville,"Architecture ",58000.000000
"Las Vegas ","Architecture ",56000.000000
"Springfield ","Architecture ",54000.000000
"Bloomfield Hills","Architecture ",53000.000000
Madison,"Architecture / Engineering",62860.000000
Denver,"Architecture & Construction",75000.000000
Lexington,"Architecture and engineering consulting and design ",101000.000000
"New York",Architecture/Construction,77400.000000
"Victoria BC",Archives,97282.000000
Newark,Archives,65000.000000
York,Archives,40322.000000
"Lexington ",Archives,39000.000000
"Jersey City","Archives ",67000.000000
Poulsbo,Archives/Libraries,62271.000000
Rockville,"Archives/Library Science",52500.000000
"Copenhagen ","Art & Design",829500.000000
"New York ","Art & Design",566833.333333
"Santa Clara","Art & Design",350913.000000
Couoeville,"Art & Design",300000.000000
Cupertino,"Art & Design",250000.000000
Denton,"Art & Design",175000.000000
"San Diego ","Art & Design",150000.000000
Manhattan,"Art & Design",150000.000000
LA,"Art & Design",120000.000000
"San Francisco ","Art & Design",117000.000000
Edison,"Art & Design",115000.000000
Bellevue,"Art & Design",115000.000000
Rosemount,"Art & Design",115000.000000
Detroit,"Art & Design",112333.333333
"San Francisco","Art & Design",108125.000000
Gilbertsville,"Art & Design",107500.000000
"Redwood City","Art & Design",103500.000000
Fairfax,"Art & Design",101500.000000
"Port Chester","Art & Design",100000.000000
"Chicago ","Art & Design",97500.000000
"Los Angeles ","Art & Design",97333.333333
"Vancouver ","Art & Design",96000.000000
"West palm beach ","Art & Design",95000.000000
Stamford,"Art & Design",95000.000000
Beaverton,"Art & Design",93600.000000
Vancouver,"Art & Design",92224.000000
"Sydney ","Art & Design",90000.000000
Montreal,"Art & Design",90000.000000
Oakland,"Art & Design",89500.000000
"Los Angeles","Art & Design",88125.000000
Seattle,"Art & Design",85454.545455
Warwick,"Art & Design",85000.000000
"Ft lauderdale","Art & Design",85000.000000
"New York","Art & Design",84991.304348
Auckland,"Art & Design",84000.000000
"Washington DC","Art & Design",82500.000000
Knoxville,"Art & Design",82000.000000
Denver,"Art & Design",81357.000000
Wellington,"Art & Design",81000.000000
"Philadelphia ","Art & Design",80000.000000
Austin,"Art & Design",80000.000000
"St. Petersburg ","Art & Design",80000.000000
Lenoir,"Art & Design",80000.000000
Boulder,"Art & Design",80000.000000
(Rural),"Art & Design",80000.000000
"Springfield, ma","Art & Design",79132.000000
NYC,"Art & Design",79000.000000
"Washington, DC","Art & Design",79000.000000
Philadelphia,"Art & Design",78683.333333
lewisville,"Art & Design",78000.000000
Brooklyn,"Art & Design",77920.000000
Remote,"Art & Design",77500.000000
"West Palm Beaxh","Art & Design",77000.000000
Irvine,"Art & Design",76620.000000
Chicago,"Art & Design",76339.166667
Boston,"Art & Design",76306.666667
Minneapollis,"Art & Design",76000.000000
"Manasquan, NJ","Art & Design",75000.000000
Edinburgh,"Art & Design",75000.000000
Washington,"Art & Design",72562.500000
Dallas,"Art & Design",72000.000000
Minneapolis,"Art & Design",71500.000000
Atlanta,"Art & Design",70800.000000
Cork,"Art & Design",70000.000000
Portland,"Art & Design",69700.000000
"College Park","Art & Design",68500.000000
"Toronto ","Art & Design",68500.000000
"New York City ","Art & Design",68000.000000
"New York City","Art & Design",67708.333333
Bloomington,"Art & Design",67000.000000
Chattanooga,"Art & Design",67000.000000
Richmond,"Art & Design",67000.000000
Warsaw,"Art & Design",66500.000000
Houston,"Art & Design",66000.000000
Columbus,"Art & Design",65333.333333
Cambridge,"Art & Design",65300.000000
Bennington,"Art & Design",65000.000000
Alexandria,"Art & Design",64000.000000
Alabama,"Art & Design",64000.000000
"las vegas","Art & Design",63180.000000
Madison,"Art & Design",63000.000000
"Washington, D.C.","Art & Design",63000.000000
Buffalo,"Art & Design",63000.000000
Asheville,"Art & Design",63000.000000
Norwalk,"Art & Design",62500.000000
Cincinnati,"Art & Design",62400.000000
Melbourne,"Art & Design",61000.000000
Salzburg,"Art & Design",60200.000000
"Kansas City","Art & Design",60000.000000
Kent,"Art & Design",60000.000000
"Salt Lake City","Art & Design",60000.000000
Tucson,"Art & Design",59500.000000
Toronto,"Art & Design",59275.090909
Pomona,"Art & Design",59000.000000
Baltimore,"Art & Design",58800.000000
Sydney,"Art & Design",58000.000000
"Mount Pleasant","Art & Design",58000.000000
Phoenix,"Art & Design",57840.000000
Greensboro,"Art & Design",57000.000000
Canberra,"Art & Design",57000.000000
"Saint Louis ","Art & Design",57000.000000
"Austin, TX","Art & Design",57000.000000
"Iowa City","Art & Design",56000.000000
"Grand Rapids","Art & Design",55000.000000
"St. Louis","Art & Design",55000.000000
Fairbanks,"Art & Design",55000.000000
Honolulu,"Art & Design",55000.000000
London,"Art & Design",54111.111111
Winnipeg,"Art & Design",54000.000000
"Ashburn ","Art & Design",54000.000000
"Columbia ","Art & Design",53800.000000
Hartford,"Art & Design",53666.666667
Ottawa,"Art & Design",52660.000000
Tulsa,"Art & Design",52000.000000
Waltham,"Art & Design",52000.000000
Indianapolis,"Art & Design",50600.000000
Tamp,"Art & Design",50000.000000
Hagerstown,"Art & Design",50000.000000
Ames,"Art & Design",50000.000000
Lawrence,"Art & Design",49000.000000
"Boston ","Art & Design",49000.000000
"Minneapolis ","Art & Design",48000.000000
"London ","Art & Design",48000.000000
Curitiba,"Art & Design",48000.000000
Leawood,"Art & Design",47840.000000
"Guelph ","Art & Design",46000.000000
McKinney,"Art & Design",44720.000000
Savannah,"Art & Design",44500.000000
Fayetteville,"Art & Design",44000.000000
Perth,"Art & Design",44000.000000
Vestal,"Art & Design",43000.000000
"Fort Campbell","Art & Design",43000.000000
"Rancho Cucamonga","Art & Design",42000.000000
Oshkosh,"Art & Design",41891.000000
Cleveland,"Art & Design",41750.000000
"Portland ","Art & Design",41600.000000
"St. Louis ","Art & Design",41000.000000
"South Orange","Art & Design",40000.000000
Pittsburgh,"Art & Design",40000.000000
Chicacgo,"Art & Design",40000.000000
Omaha,"Art & Design",40000.000000
"River Grove","Art & Design",37440.000000
"Bloomfield Hills","Art & Design",36000.000000
Oxford,"Art & Design",35000.000000
"Vineland, NJ","Art & Design",35000.000000
Kajaani,"Art & Design",33600.000000
Jacksonville,"Art & Design",32240.000000
Charlotte,"Art & Design",32000.000000
Orlando,"Art & Design",31200.000000
"Ann Arbor","Art & Design",31200.000000
Waterloo,"Art & Design",30000.000000
"Houston ","Art & Design",28000.000000
Moline,"Art & Design",28000.000000
Longview,"Art & Design",28000.000000
"Warner Robins","Art & Design",27500.000000
Greenville,"Art & Design",27300.000000
"Baltimore, MD","Art & Design",27040.000000
Cocoa,"Art & Design",27040.000000
Columbia,"Art & Design",27000.000000
"N/A - remote work","Art & Design",26775.000000
Valencia,"Art & Design",21000.000000
Surrey,"Art & Design",20000.000000
Johnston,"Art & Design",18000.000000
Kiyv,"Art & Design",12000.000000
Worcester,"Art & Design",6600.000000
Mainz,"Art & Design",5427.000000
Birmingham,"Art & Design",54.000000
Portland,"art appraisal",39000.000000
"New York","Arts Administration ",61000.000000
London,"Arts, Culture and Heritage",27030.000000
Alexandria,Association,67000.000000
Chicago,"association management",68000.000000
"Minneapolis ","Association Management ",49000.000000
Chicago,"Auction house",55000.000000
"Falls Church","Auction House",20000.000000
Canton,"Auto Mfg.",104000.000000
"san rafael","auto repair",56000.000000
"Cartersville GA","Auto Repair",50000.000000
Columbus,"auto repair",31200.000000
Sunnyvale,Automotive,229500.000000
"Fort McMurray",Automotive,120000.000000
Detroit,Automotive,105000.000000
Saline,Automotive,91000.000000
Indianapolis,Automotive,85250.000000
"Colorado Springs",Automotive,80000.000000
"Mount Laurel",Automotive,71000.000000
Gelderland,Automotive,32000.000000
"Bergen County","Automotive ",97000.000000
"Fort Worth ","Automotive ",75000.000000
Norcross,"Automotive finance and insurance",87500.000000
"Queen Creek","Automotive Repair",39520.000000
"Summerville ","Automotive repair",31200.000000
"St Louis","Automotive technician",49000.000000
Houston,"Automtive Repair",50000.000000
"Grants, NM",aviation,75000.000000
Basingstoke,Aviation,52400.000000
"Key West",Aviation,28700.000000
Atlanta,"awards and engraving",35000.000000
"Twin Cities suburbs ","B2B Services ",115000.000000
Loveland,"Background Screening",69000.000000
Vancouver,Beauty,85000.000000
"New York",Beauty,62400.000000
"Los Angeles ","Beauty /CPG ",131000.000000
Buffalo,"Beauty Manufacturing & Education ",35360.000000
"New York","Beauty, Cosmetics, Fragrance",105000.000000
Alameda,"Beauty/service industry ",72800.000000
Boston,"Beer sales",60000.000000
Milwaukee,"Behavior analysis/mental health",90000.000000
"San Mateo","Behavioral Health",53560.000000
Spotsylvania,"Behavioral Health",52416.000000
Manchester,"Benefits Administration",108000.000000
Orlando,"Benefits Administration",89000.000000
Queens,Beverage,67000.000000
Clermont,"Beverage & Spirits",103000.000000
Newark,"Beverage Distribution",40000.000000
Columbus,"Beverage Production",52600.000000
"North Wales","Big Pharma",220000.000000
Boston,"Bio tech",107250.000000
"Framingham ","Bioinformatics ",110000.000000
Oxford,"biological research",36364.000000
Baltimore,"biological research",34000.000000
Cambridge,"Biological Sciences",78000.000000
London,Biologist,37000.000000
"San Antonio",Biology,29000.000000
"New York",Biology/Research,40000.000000
Cambridge,"Biomedical Research",120000.000000
Omaha,"Biomedical Research",112500.000000
Vail,"Biomedical Research",82000.000000
Seattle,"Biomedical research",80000.000000
Boston,"Biomedical Research",80000.000000
"Kansas City","Biomedical research",61500.000000
Frederick,"Biomedical Research",61000.000000
Phoenix,"Biomedical Research",54285.000000
"Baltimore Area","biomedical research",53000.000000
Louisville,"Biomedical Research",45760.000000
Philadelphia,"Biomedical Research",31500.000000
Houston,"biomedical research",31000.000000
Boston,Biopharma,132000.000000
Cambridge,Biopharma,121000.000000
Philadelphia,Biopharmaceuticals,150000.000000
"New Berlin","Bioscience Company",47500.000000
"San Francisco ",Biotech,208000.000000
"New York City",Biotech,135000.000000
Boston,Biotech,132600.000000
Tarrytown,Biotech,130000.000000
"Richmond ",Biotech,130000.000000
Cambridge,Biotech,129433.666667
"South San Francisco",Biotech,127333.333333
Tucson,Biotech,125000.000000
Denver,Biotech,125000.000000
"Bay Area",Biotech,120000.000000
"San Francisco",Biotech,116500.000000
"San diego ",Biotech,110900.000000
"Cambridge, MA",biotech,110000.000000
Rockville,Biotech,102366.666667
"New haven",Biotech,95000.000000
"San Diego",Biotech,93500.000000
Alameda,Biotech,93000.000000
"Seattle Area",Biotech,92000.000000
Seattle,Biotech,88250.000000
"Ann Arbor",Biotech,80975.000000
Burlington,Biotech,80000.000000
"Watertown ",Biotech,79695.000000
Coralville,BioTech,74000.000000
Munich,Biotech,72000.000000
Davis,Biotech,70000.000000
Watertown,Biotech,65000.000000
"Los Angeles",Biotech,65000.000000
Amsterdam,Biotech,61500.000000
Minneapolis,Biotech,55000.000000
"Lake Forest Park",Biotech,36400.000000
"Cambridge ","Biotech ",123000.000000
"Boston Area","Biotech ",105000.000000
Copenhagen,"Biotech (R&D) ",556200.000000
"San Diego","Biotech / life sciences ",196000.000000
"South San Francisco","Biotech / Pharmaceutical Industry",160000.000000
Boston,"Biotech / Research",100000.000000
Toronto,"Biotech industry",215250.000000
Rockville,"Biotech manufacturing",92000.000000
Toronto,"Biotech pharmaceuticals",116300.000000
Emeryville,"Biotech R&D",130000.000000
"South San Francisco","Biotech research ",112000.000000
"Cambridge, MA","Biotech/Drug Development",90000.000000
Cambridge/Boston,Biotech/Pharma,190000.000000
Bedminster,Biotech/Pharma,175000.000000
Bothell,Biotech/Pharma,145000.000000
Waltham,Biotech/Pharma,130000.000000
Cambridge,Biotech/pharma,120500.000000
"Bay Area",Biotech/Pharma,116000.000000
Seattle,Biotech/pharma,109000.000000
Boston,Biotech/Pharma,107000.000000
Boston,Biotech/pharmaceuticals,222000.000000
Beltsville,Biotech/Pharmaceuticals,90000.000000
"San Francisco","Biotech/pharmaceuticals ",227000.000000
Boston,Biotech/software,105000.000000
"St. Louis",Biotechnology,120000.000000
Boston,Biotechnology,108500.000000
Seattle,Biotechnology,107000.000000
Lexington,Biotechnology,93000.000000
Rockville,Biotechnology,90800.000000
Gaithersburg,Biotechnology,85000.000000
Arvada,Biotechnology,82000.000000
Cambridge,Biotechnology,76500.000000
Philadelphia,Biotechnology,72000.000000
"Traveling over all of Europe",Biotechnology,57500.000000
Minneapolis,Biotechnology,55000.000000
Bryan,Biotechnology,52000.000000
"San Carlos, CA","Biotechnology ",200000.000000
"Cambridge ","Biotechnology ",187416.666667
devens,"biotechnology ",134000.000000
"Vancouver ","Biotechnology ",130000.000000
Sacramento,"Biotechnology ",58000.000000
"Toronto, Ontario, Canada","Biotechnology, Research and Development",95000.000000
Boston,"Biotechnology/Life Sciences",84000.000000
Louisville,Bitech,175000.000000
"New York ","Book publishing",74000.000000
"New York","Book publishing",53500.000000
"New York City","Book Publishing",52666.666667
Salem,"Book Publishing",39600.000000
"Atlanta ","Brain research ",28000.000000
Free,Brewing,57000.000000
"New Delhi","Business or Consulting",2100000.000000
"Makati City","Business or Consulting",600000.000000
Stockholm,"Business or Consulting",512000.000000
Bangalore,"Business or Consulting",343300.000000
Alexandria,"Business or Consulting",296750.000000
N/A,"Business or Consulting",291250.000000
"Cape Town","Business or Consulting",276000.000000
Roanoke,"Business or Consulting",275000.000000
"Bethesda ","Business or Consulting",250000.000000
Fresno,"Business or Consulting",221000.000000
TBD,"Business or Consulting",220000.000000
"various ","Business or Consulting",220000.000000
"Stafford ","Business or Consulting",220000.000000
"Washington DC suburbs","Business or Consulting",220000.000000
"Primary WFH or NYC; however travel to client site weekly in the "before times"""","Business or Consulting",214000.000000
Auckland,"Business or Consulting",205000.000000
"Mount Prospect","Business or Consulting",200000.000000
"Canberra ","Business or Consulting",186000.000000
Canada,"Business or Consulting",185000.000000
"Richland ","Business or Consulting",185000.000000
Seattle,"Business or Consulting",183478.260870
Draper,"Business or Consulting",182000.000000
Wellington,"Business or Consulting",180000.000000
"Outside Boston","Business or Consulting",180000.000000
Baltimore,"Business or Consulting",175760.000000
"Miami ","Business or Consulting",175000.000000
Edmonds,"Business or Consulting",175000.000000
"Santa Clara","Business or Consulting",170000.000000
Phoenix,"Business or Consulting",168650.000000
"San Francisco ","Business or Consulting",167000.000000
"Full time remote employee, pre-pandemic","Business or Consulting",165000.000000
Concord,"Business or Consulting",164000.000000
Hackensack,"Business or Consulting",160000.000000
Rochester,"Business or Consulting",160000.000000
Sydney,"Business or Consulting",160000.000000
"New Castle","Business or Consulting",149990.000000
Cleveland,"Business or Consulting",145820.000000
Detroit,"Business or Consulting",145000.000000
"New York","Business or Consulting",142650.000000
"San Jose","Business or Consulting",142250.000000
"St Louis","Business or Consulting",140000.000000
"outside philadelphia ","Business or Consulting",140000.000000
"I work remotely but in non-COVID times I work at client sites throughout the US","Business or Consulting",140000.000000
"NYC (but I work remote)","Business or Consulting",140000.000000
"Sydney ","Business or Consulting",140000.000000
"Oklahoma City","Business or Consulting",137000.000000
"Boston ","Business or Consulting",136666.666667
"San Francisco","Business or Consulting",133673.333333
Indianapolis,"Business or Consulting",133466.666667
"Home plus travel to customers. Near Chicago","Business or Consulting",132500.000000
"New York City ","Business or Consulting",132500.000000
"Bay Area, CA","Business or Consulting",130000.000000
Starkville,"Business or Consulting",130000.000000
Woodbridge,"Business or Consulting",129000.000000
"Las Vegas","Business or Consulting",128750.000000
"Washington ","Business or Consulting",127666.666667
Rockville,"Business or Consulting",127500.000000
Oakland,"Business or Consulting",125300.000000
Silverton,"Business or Consulting",125000.000000
NA,"Business or Consulting",123000.000000
Bellevue,"Business or Consulting",122000.000000
Cincinnati,"Business or Consulting",120122.857143
"London ","Business or Consulting",120000.000000
canberra,"Business or Consulting",120000.000000
Medina,"Business or Consulting",119000.000000
NY,"Business or Consulting",119000.000000
"Atlanta ","Business or Consulting",118968.500000
"San Diego","Business or Consulting",118620.000000
"Des Moines","Business or Consulting",118400.000000
Fairfax,"Business or Consulting",118000.000000
Kalamazoo,"Business or Consulting",116000.000000
"Work From Home","Business or Consulting",115500.000000
Boston,"Business or Consulting",115257.142857
Remote/London,"Business or Consulting",115000.000000
Reston,"Business or Consulting",113900.000000
Summit,"Business or Consulting",113500.000000
Philadelphia,"Business or Consulting",112685.714286
"New York ","Business or Consulting",112250.000000
Tampa,"Business or Consulting",112000.000000
"Washington, D.C.","Business or Consulting",110500.000000
"White River Junction, VT","Business or Consulting",110000.000000
"NYC ","Business or Consulting",110000.000000
"New York City","Business or Consulting",109642.857143
Columbus,"Business or Consulting",109500.000000
NYC,"Business or Consulting",109166.666667
"Arlington ","Business or Consulting",108850.000000
Melbourne,"Business or Consulting",108666.666667
Chicago,"Business or Consulting",108024.571429
"Austin ","Business or Consulting",108000.000000
"Los Angeles","Business or Consulting",107957.692308
Toronto,"Business or Consulting",107907.368421
Arlington,"Business or Consulting",106750.000000
Washington,"Business or Consulting",106625.000000
Charlotte,"Business or Consulting",106000.000000
"Washington, DC","Business or Consulting",105886.153846
"NYC, currently WFH","Business or Consulting",105500.000000
Hamburg,"Business or Consulting",105000.000000
"Chehalis ","Business or Consulting",105000.000000
Milford,"Business or Consulting",105000.000000
"Bay Area","Business or Consulting",105000.000000
Portland,"Business or Consulting",103850.000000
Kenosha,"Business or Consulting",103500.000000
Nashville,"Business or Consulting",103480.000000
"A city small enough to not answer this question","Business or Consulting",103000.000000
"Chicago ","Business or Consulting",103000.000000
"Washington DC","Business or Consulting",102104.545455
Edmonton,"Business or Consulting",102000.000000
Atlanta,"Business or Consulting",101951.681818
DC,"Business or Consulting",101200.000000
Irvine,"Business or Consulting",101050.000000
"Baltimore ","Business or Consulting",101000.000000
Pittsburgh,"Business or Consulting",100822.857143
"Portland, ME area","Business or Consulting",100000.000000
"South Bend","Business or Consulting",100000.000000
Austin,"Business or Consulting",99681.818182
Remote,"Business or Consulting",99500.000000
Madison,"Business or Consulting",98500.000000
Leadville,"Business or Consulting",97500.000000
"Vancouver ","Business or Consulting",97500.000000
"Small state - no answer","Business or Consulting",97000.000000
Redmond,"Business or Consulting",96846.666667
Durango,"Business or Consulting",96000.000000
"Washington D.C.","Business or Consulting",95500.000000
Cambridge,"Business or Consulting",95500.000000
"Falls Church","Business or Consulting",94230.000000
Charleston,"Business or Consulting",94000.000000
Lexington,"Business or Consulting",94000.000000
Jax,"Business or Consulting",94000.000000
"Philadelphia ","Business or Consulting",93633.333333
Raleigh,"Business or Consulting",93333.333333
"Cincinnati ","Business or Consulting",93000.000000
"Salt Lake City ","Business or Consulting",93000.000000
Burlington,"Business or Consulting",92500.000000
"Field employee","Business or Consulting",91000.000000
"Colorado Springs ","Business or Consulting",91000.000000
Mobile,"Business or Consulting",91000.000000
Sacramento,"Business or Consulting",90116.000000
"Richmond ","Business or Consulting",90000.000000
"Ann Arbor","Business or Consulting",90000.000000
"Florham Park ","Business or Consulting",90000.000000
"Appleton ","Business or Consulting",90000.000000
Plano,"Business or Consulting",90000.000000
Mackay,"Business or Consulting",90000.000000
Brooklyn,"Business or Consulting",90000.000000
Denver,"Business or Consulting",89861.538462
Albuquerque,"Business or Consulting",89000.000000
"Boston, MA","Business or Consulting",88500.000000
Dallas,"Business or Consulting",88336.400000
"Fully Remote - customers around the country","Business or Consulting",88200.000000
Minneapolis,"Business or Consulting",87872.222222
"Brooklyn ","Business or Consulting",87550.000000
"Chicago suburbs","Business or Consulting",87500.000000
"Western Canada","Business or Consulting",87000.000000
Berkeley,"Business or Consulting",87000.000000
"Kansas City, MO","Business or Consulting",86400.000000
Houston,"Business or Consulting",86211.111111
"Minneapolis ","Business or Consulting",85000.000000
Hoboken,"Business or Consulting",85000.000000
Lancaster,"Business or Consulting",85000.000000
"Gaithersburg ","Business or Consulting",85000.000000
Fredericksburg,"Business or Consulting",85000.000000
"Silver Spring","Business or Consulting",85000.000000
"Mt Prospect","Business or Consulting",83400.000000
Bethesda,"Business or Consulting",82071.428571
"New Orleans","Business or Consulting",82000.000000
Bremen,"Business or Consulting",82000.000000
"St. Paul","Business or Consulting",80400.000000
Lakewood,"Business or Consulting",80000.000000
Springfield,"Business or Consulting",80000.000000
Gaithersburg,"Business or Consulting",80000.000000
Alberta,"Business or Consulting",80000.000000
"New Orleans ","Business or Consulting",80000.000000
Mechelen,"Business or Consulting",80000.000000
Harrisburg,"Business or Consulting",79000.000000
Calgary,"Business or Consulting",78750.000000
"Overland Park","Business or Consulting",78000.000000
"Falls Church, VA","Business or Consulting",77600.000000
"Vancouver, WA","Business or Consulting",77000.000000
Wyomissing,"Business or Consulting",77000.000000
Orlando,"Business or Consulting",75424.000000
"St. Louis","Business or Consulting",75000.000000
"Panhandle region","Business or Consulting",75000.000000
"Richmond, VA","Business or Consulting",75000.000000
London,"Business or Consulting",74463.600000
Escondido,"Business or Consulting",74000.000000
D.C.,"Business or Consulting",74000.000000
Ottawa,"Business or Consulting",73750.000000
"North Coast","Business or Consulting",73216.000000
"Los Angeles ","Business or Consulting",73000.000000
"Chapel Hill","Business or Consulting",72500.000000
Bannockburn,"Business or Consulting",72500.000000
Swansea,"Business or Consulting",72000.000000
DFW,"Business or Consulting",72000.000000
Amsterdam,"Business or Consulting",72000.000000
Cumberland,"Business or Consulting",72000.000000
Columbia,"Business or Consulting",71746.666667
"Salt Lake City","Business or Consulting",71500.000000
"Saint Petersburg ","Business or Consulting",71400.000000
"New York, New York","Business or Consulting",71000.000000
"Tysons Corner","Business or Consulting",70199.000000
Munich,"Business or Consulting",70000.000000
Whitehorse,"Business or Consulting",70000.000000
Parsippany,"Business or Consulting",70000.000000
Gainesville,"Business or Consulting",70000.000000
Middletown,"Business or Consulting",70000.000000
Tulsa,"Business or Consulting",70000.000000
"Mount laurel ","Business or Consulting",70000.000000
Bloomfield,"Business or Consulting",70000.000000
"Albuquerque ","Business or Consulting",70000.000000
Waterloo,"Business or Consulting",70000.000000
Carlsbad,"Business or Consulting",69000.000000
"Grand Rapids","Business or Consulting",68640.000000
Woodstock,"Business or Consulting",68500.000000
Glasgow,"Business or Consulting",68000.000000
Fürth,"Business or Consulting",67700.000000
Boulder,"Business or Consulting",67075.000000
Chico,"Business or Consulting",67000.000000
"Waddell ","Business or Consulting",67000.000000
Brighton,"Business or Consulting",66850.000000
"Albany ","Business or Consulting",66250.000000
Various,"Business or Consulting",66000.000000
"Portland, ME","Business or Consulting",65000.000000
Sharon,"Business or Consulting",65000.000000
"Portage ","Business or Consulting",65000.000000
Livingston,"Business or Consulting",65000.000000
"Alsace (remote to Paris)","Business or Consulting",65000.000000
York,"Business or Consulting",65000.000000
Providence,"Business or Consulting",65000.000000
Antwerp,"Business or Consulting",63560.000000
Herndon,"Business or Consulting",63000.000000
"District of Columbia","Business or Consulting",62500.000000
Buffalo,"Business or Consulting",62000.000000
Braintree,"Business or Consulting",62000.000000
"Pittsburgh ","Business or Consulting",61822.500000
Dublin,"Business or Consulting",61750.000000
Bristol,"Business or Consulting",61750.000000
"Washington, DC ","Business or Consulting",61000.000000
Vancouver,"Business or Consulting",60702.800000
"Rochester Hills","Business or Consulting",60000.000000
Hillsborough,"Business or Consulting",60000.000000
"Denver ","Business or Consulting",60000.000000
"Washington D.C. ","Business or Consulting",60000.000000
"Cleveland ","Business or Consulting",60000.000000
Richmond,"Business or Consulting",59044.000000
birmingham,"Business or Consulting",59000.000000
Utrecht,"Business or Consulting",57098.000000
"Washington, D.C. ","Business or Consulting",57000.000000
"North Andover","Business or Consulting",57000.000000
Victoria,"Business or Consulting",57000.000000
Maassluis,"Business or Consulting",56721.000000
"Fort Collins","Business or Consulting",56000.000000
"Elmhurst, IL","Business or Consulting",55000.000000
Cork,"Business or Consulting",55000.000000
"Phoenix ","Business or Consulting",55000.000000
"Santa Fe","Business or Consulting",55000.000000
Corning,"Business or Consulting",55000.000000
Moline,"Business or Consulting",55000.000000
"San Clemente","Business or Consulting",54000.000000
Norman,"Business or Consulting",54000.000000
Berlin,"Business or Consulting",53700.000000
"St Paul","Business or Consulting",53000.000000
Southfield,"Business or Consulting",53000.000000
Edinburgh,"Business or Consulting",52000.000000
Vienna,"Business or Consulting",51800.000000
Knoxville,"Business or Consulting",51028.000000
"Asheville, NC","Business or Consulting",51000.000000
Manchester,"Business or Consulting",49666.666667
Paris,"Business or Consulting",49320.000000
"Burlington ","Business or Consulting",49120.000000
Minnespolis,"Business or Consulting",48000.000000
Cologne,"Business or Consulting",48000.000000
Milwaukee,"Business or Consulting",46600.000000
"El Paso","Business or Consulting",45760.000000
Halifax,"Business or Consulting",45700.000000
"Tampa Bay region","Business or Consulting",45000.000000
"Stone Mountain","Business or Consulting",45000.000000
Montreal,"Business or Consulting",43000.000000
Oxford,"Business or Consulting",43000.000000
"Elkton, VA","Business or Consulting",42000.000000
"San Antonio ","Business or Consulting",40000.000000
Fayetteville,"Business or Consulting",40000.000000
Memphis,"Business or Consulting",40000.000000
Brussels,"Business or Consulting",40000.000000
"Arlington Heights","Business or Consulting",40000.000000
Toledo,"Business or Consulting",39500.000000
"Charlottesville ","Business or Consulting",39000.000000
Pozna?,"Business or Consulting",37200.000000
"London, UK","Business or Consulting",35000.000000
Amman,"Business or Consulting",34000.000000
"Kuala Lumpur","Business or Consulting",34000.000000
Nottingham,"Business or Consulting",32000.000000
Madrid,"Business or Consulting",31300.000000
Cardiff,"Business or Consulting",30500.000000
"Newcastle upon Tyne ","Business or Consulting",29000.000000
Southampton,"Business or Consulting",28000.000000
"Cluj-Napoca ","Business or Consulting",24000.000000
Mission,"Business or Consulting",24000.000000
"Tunbridge Wells","Business or Consulting",23000.000000
Berwick,"Business or Consulting",22880.000000
Manchesyer,"Business or Consulting",21500.000000
Nicosia,"Business or Consulting",21450.000000
"Orlando ","Business or Consulting",19583.000000
Haverhill,"Business or Consulting",17500.000000
"Sebastopol ","Business or Consulting",12000.000000
Lagos,"Business or Consulting",7390.000000
"Bloomfield Hills","Business or Consulting",55.000000
bilbao,"Business or Consulting",51.000000
Noida,"Business or Consulting",10.000000
"Greenville ","Business or Consulting",0.000000
Leeds,"Business Process Outsourcing",40000.000000
"San Antonio","Business Process Outsourcing ",53680.000000
Glendale,"Business Services",50000.000000
"San Antonio","Call center",70000.000000
Memphis,"CALL CENTER",25480.000000
Seattle,"Cancer research, not for profit",71700.000000
"Santa Fe",Cannabis,85000.000000
"Los Angeles",Cannabis,75000.000000
Boulder,Cannabis,65000.000000
"St. Catharines",Cannabis,60000.000000
Fraser,Cannabis,42000.000000
Remote,"Cannabis compliance",100000.000000
Portland,"Career & Technical Training",46800.000000
"San Diego",Caregiver,33280.000000
Portland,"CBD Manufacturing",60000.000000
"Atlanta ",Chaplain,40000.000000
"Leeds, UK",Charity,17400.000000
Basel,Chemical,110000.000000
Chester,"Chemical Manufacturing",47902.000000
Houston,"Chemicals ",102000.000000
"King of Prussia","Chemicals/ Materials",109400.000000
Houston,Chemistry,107000.000000
Everett,chemistry,41766.000000
"Hamilton, Ontario","Child and Yout Care",36672.000000
Renton,"Child care",40700.000000
"Los Angeles","Child care",38000.000000
Kingston,"Child Care Resource and Referral Agency",3200.000000
Seattle,Childcare,48750.000000
"Eagle River",Childcare,28100.000000
Bath,Childcare,18720.000000
Detroit,"Childcare ",90000.000000
"Milton Keynes ","childcare ",19000.000000
"nr. London","Childcare (0-5 so does not come under Primary education)",19760.000000
N/A,Church,50000.000000
"Washington, DC",Church,45000.000000
"Boston MA","Church ministry",55000.000000
"Baltimore (but I work fully remotely)","Clean Energy (eg. energy efficiency, renewables, etc.)",200000.000000
"Williston ",Cleaning,41600.000000
"DC metro area",Clergy,108150.000000
Seattle,Clergy,63000.000000
Tacoma,Clergy,50000.000000
Orlando,Clergy,42000.000000
"San Francisco","Clinical & Translational Reserach",76000.000000
Houston,"Clinical Research",126000.000000
Toronto,"Clinical Research",110000.000000
Durham,"clinical research",89000.000000
Portland,"Clinical research",69826.000000
Aurora,"clinical research",63000.000000
Cincinnati,"Clinical Research ",81100.000000
"Los Angeles","Clinical research ",58500.000000
Dallas,"Clinical Research ",58500.000000
"Madrid ","Clinical research and development ",65000.000000
Seattle,"Clinical Research Manager - academic institution",82000.000000
"Milton Keynes","Clinical trials",68000.000000
"Chapel Hill","clinical trials research coordination",44000.000000
Baltimore,coaching,44000.000000
Irvington,"Coffee - Importing",95000.000000
Atlanta,"College Athletics",37500.000000
"New York City","Commercial Building Material Distribution",400000.000000
Vinalhaven,"Commercial Fisherman",26000.000000
Spoka,"Commercial furniture",40000.000000
"Columbus ","Commercial Landscaping ",42840.000000
Phoenix,"Commercial Real Estate",127500.000000
Chicago,"Commercial Real Estate",105000.000000
Atlanta,"Commercial Real Estate",75000.000000
Charlotte,"Commercial Real Estate",64250.000000
Dallas,"Commercial Real Estate ",55000.000000
Raleigh,"Commercial Real Estate ",49330.000000
Richmond,"Commercial Real Estate Data and Analytics/Research",68700.000000
Edmonton,"Commercial real estate tenancy",43187.000000
"Wilton, Connecticut","commodities trading",75000.000000
Arlington,"Communication Research",90456.000000
Columbus,Communications,85000.000000
Camden,Communications,76500.000000
London,Communications,50220.000000
Ottawa,Communications,49000.000000
"Near Albany",Communications,39520.000000
Ghent,Communications,23010.000000
"Warwick ","Communications ",100000.000000
Quebec,Communications/publications,36920.000000
"San Jose","Community Foundation",84000.000000
Sarasota,"Community Management",64000.000000
Chicago,Compliance,112000.000000
Portland,Compliance,54313.000000
"Cincinnati ","Compliance ",83000.000000
Sapporo,"Computing or Tech",8640000.000000
Tokyo,"Computing or Tech",5758750.000000
Newyork,"Computing or Tech",2600000.000000
Colombo,"Computing or Tech",2500000.000000
Pune,"Computing or Tech",2442500.000000
Bangalore,"Computing or Tech",1925000.000000
"Mar del Plata","Computing or Tech",1500000.000000
germany,"Computing or Tech",1500000.000000
Johannesburg,"Computing or Tech",1360000.000000
Brno,"Computing or Tech",1300000.000000
Tijuana,"Computing or Tech",1300000.000000
Prague,"Computing or Tech",862500.000000
Malmö,"Computing or Tech",840000.000000
Oslo,"Computing or Tech",839833.333333
Mumbai,"Computing or Tech",816666.666667
Copenhagen,"Computing or Tech",713500.000000
"South Orange","Computing or Tech",603000.000000
Stockholm,"Computing or Tech",540371.428571
Singapore,"Computing or Tech",522707.600000
"Foster City","Computing or Tech",520000.000000
"Cleveland ","Computing or Tech",510000.000000
"Twin Bridges, CA","Computing or Tech",504456.000000
Uppsala,"Computing or Tech",503000.000000
Gothenburg,"Computing or Tech",472666.666667
"Cape Town","Computing or Tech",462000.000000
Canberra,"Computing or Tech",460000.000000
Trosa,"Computing or Tech",406800.000000
Shanghai,"Computing or Tech",390000.000000
"Mobile ","Computing or Tech",350000.000000
Pietermaritzburg,"Computing or Tech",288000.000000
"Tel Aviv","Computing or Tech",282428.571429
"Bay Area","Computing or Tech",252785.714286
Jos,"Computing or Tech",250000.000000
Paramus,"Computing or Tech",245000.000000
"Silicon Valley","Computing or Tech",240000.000000
"Hod Hasharon","Computing or Tech",240000.000000
"Rural Washington State","Computing or Tech",240000.000000
Sebastopol,"Computing or Tech",235000.000000
"Full remote position","Computing or Tech",235000.000000
"Truckee, CA","Computing or Tech",235000.000000
"Santa Fe","Computing or Tech",232500.000000
"Greater New York Metro Area","Computing or Tech",230000.000000
D.C.,"Computing or Tech",220000.000000
"Rural area, remote worker","Computing or Tech",220000.000000
"Portland (Remote)","Computing or Tech",210000.000000
"Menlo Park","Computing or Tech",209000.000000
"Charlotte ","Computing or Tech",205000.000000
"Seattle, WA ","Computing or Tech",205000.000000
Reno,"Computing or Tech",204250.000000
"SF Bay Area","Computing or Tech",203047.500000
Evansville,"Computing or Tech",200000.000000
"St Loui","Computing or Tech",200000.000000
Ashland,"Computing or Tech",200000.000000
"Sunnyvale ","Computing or Tech",200000.000000
Norwalk,"Computing or Tech",200000.000000
"Boston (suburb)","Computing or Tech",200000.000000
"Bellingham (remote)","Computing or Tech",199000.000000
"Saint Helena","Computing or Tech",195000.000000
"Strasbourg ","Computing or Tech",193750.000000
"San Fransico","Computing or Tech",192000.000000
"Stockton, NJ","Computing or Tech",192000.000000
"San Luis Obispo","Computing or Tech",190000.000000
"Prince George","Computing or Tech",190000.000000
"Broomfield ","Computing or Tech",190000.000000
Metro-Detroit,"Computing or Tech",189000.000000
"Denver CO","Computing or Tech",189000.000000
Hertzliya,"Computing or Tech",187200.000000
"West Hollywood","Computing or Tech",187000.000000
"Puyallup, WA","Computing or Tech",187000.000000
" Chicago ","Computing or Tech",186000.000000
"My house","Computing or Tech",185000.000000
Dunedin,"Computing or Tech",185000.000000
"New York, NY","Computing or Tech",185000.000000
"Ft Lauderdale","Computing or Tech",185000.000000
"Remote - ","Computing or Tech",185000.000000
"Herndon, Virginia ","Computing or Tech",185000.000000
"New York City ","Computing or Tech",182500.000000
"Belo Horizonte ","Computing or Tech",182000.000000
"Bellevue, wa, usa","Computing or Tech",180000.000000
"Mountain View California","Computing or Tech",180000.000000
"Boston Metro area","Computing or Tech",180000.000000
"Wellington ","Computing or Tech",180000.000000
"Albany ","Computing or Tech",180000.000000
Gilbert,"Computing or Tech",179000.000000
"San Francisco Bay Area","Computing or Tech",176142.857143
"Denver metro","Computing or Tech",176000.000000
Cupertino,"Computing or Tech",175714.285714
"Toronto, for a global remote company","Computing or Tech",175000.000000
"Park City","Computing or Tech",175000.000000
"Rohnert Park, CA ","Computing or Tech",175000.000000
"Chevy Chase","Computing or Tech",175000.000000
"Novato, CA","Computing or Tech",175000.000000
"Los Angeles, CA","Computing or Tech",175000.000000
"Columbus, Boston","Computing or Tech",175000.000000
"Sam Mateo","Computing or Tech",172500.000000
"San Francisco","Computing or Tech",172313.327660
"WFH in Northern NJ but company HQ is in Illinois, local office NYC ","Computing or Tech",172000.000000
Littleton,"Computing or Tech",172000.000000
Burbank,"Computing or Tech",172000.000000
"Red Hook","Computing or Tech",172000.000000
"San Francisco ","Computing or Tech",171568.965517
philly,"Computing or Tech",170000.000000
Lakeland,"Computing or Tech",170000.000000
"Phoenix, AZ","Computing or Tech",170000.000000
"SF Bay","Computing or Tech",170000.000000
"Culver City","Computing or Tech",170000.000000
"Louisville (remote)","Computing or Tech",170000.000000
"WFH in San Francisco Bay Area","Computing or Tech",170000.000000
"Annapolis Valley","Computing or Tech",170000.000000
"Wilmington ","Computing or Tech",169000.000000
"Austin, TX ","Computing or Tech",169000.000000
Chantilly,"Computing or Tech",168500.000000
Herndon,"Computing or Tech",168185.714286
"Elkridge ","Computing or Tech",168067.000000
Plainfield,"Computing or Tech",167000.000000
Aurora,"Computing or Tech",167000.000000
NYC,"Computing or Tech",166114.705882
"Washington DC","Computing or Tech",165950.000000
"Prefer not to disclose","Computing or Tech",165000.000000
"Boca Raton","Computing or Tech",165000.000000
"WFH Kenilworth ","Computing or Tech",165000.000000
Seatlle,"Computing or Tech",165000.000000
Campbell,"Computing or Tech",165000.000000
"San Jose","Computing or Tech",163866.447368
Riyadh,"Computing or Tech",163200.000000
"Miami area","Computing or Tech",163000.000000
Golden,"Computing or Tech",162750.000000
Everett,"Computing or Tech",162500.000000
Wilmington,"Computing or Tech",162500.000000
Cotati,"Computing or Tech",162319.000000
"Rio de Janeiro","Computing or Tech",161500.000000
Hillsboro,"Computing or Tech",161500.000000
Boulder,"Computing or Tech",160672.727273
Seattle,"Computing or Tech",160254.906780
"Boston, MA","Computing or Tech",160000.000000
"Dallas/Fort Worth","Computing or Tech",160000.000000
Cedarville,"Computing or Tech",160000.000000
McClean,"Computing or Tech",160000.000000
Valencia,"Computing or Tech",160000.000000
Bradenton,"Computing or Tech",160000.000000
"To Much Detail","Computing or Tech",160000.000000
Blacksburg,"Computing or Tech",160000.000000
"New York","Computing or Tech",158632.000000
"Fuquay Varina","Computing or Tech",158000.000000
"Mountain View","Computing or Tech",156816.666667
Sydney,"Computing or Tech",156187.500000
"Metro Boston","Computing or Tech",156000.000000
Auckland,"Computing or Tech",155926.272727
"Twin Cities","Computing or Tech",155666.666667
Tallahassee,"Computing or Tech",155600.000000
"Remote (this shouldn't be required)","Computing or Tech",155000.000000
none,"Computing or Tech",155000.000000
"Lons Le Saunier","Computing or Tech",155000.000000
"Remote, based out of Baltimore, MD metro area","Computing or Tech",155000.000000
"West Lafayette","Computing or Tech",155000.000000
Perrysburg,"Computing or Tech",155000.000000
Plantation,"Computing or Tech",155000.000000
"Based on current client project","Computing or Tech",155000.000000
"Rural area ","Computing or Tech",154500.000000
"NYC ","Computing or Tech",154000.000000
"New York city","Computing or Tech",153406.254902
"Kuala Lumpur","Computing or Tech",153333.333333
Watertown,"Computing or Tech",153238.666667
"San Bruno","Computing or Tech",153000.000000
Sunnyvale,"Computing or Tech",152511.764706
"Watertown, MA","Computing or Tech",152300.000000
"Washington DC metro area","Computing or Tech",152000.000000
"Portland, OR","Computing or Tech",151500.000000
"St. Louis Park","Computing or Tech",151374.000000
"Denver Metro Area","Computing or Tech",151000.000000
"Dallas ","Computing or Tech",151000.000000
Shreveport,"Computing or Tech",150000.000000
Conshohocken,"Computing or Tech",150000.000000
"Remote (Olympia)","Computing or Tech",150000.000000
"Cambridge / Remote","Computing or Tech",150000.000000
Novi,"Computing or Tech",150000.000000
Hamilton,"Computing or Tech",150000.000000
"I work from home","Computing or Tech",150000.000000
"Framingham, MA","Computing or Tech",150000.000000
"Rotterdam ","Computing or Tech",150000.000000
metro,"Computing or Tech",150000.000000
Berkeley,"Computing or Tech",149750.000000
SF,"Computing or Tech",149714.285714
Nashua,"Computing or Tech",148750.000000
Arlington,"Computing or Tech",148695.045455
Redmond,"Computing or Tech",147770.043478
remove,"Computing or Tech",147000.000000
"Seatle, WA","Computing or Tech",147000.000000
Oakland,"Computing or Tech",146033.636364
Kirkland,"Computing or Tech",146000.000000
Boston,"Computing or Tech",145850.074534
"Seattle ","Computing or Tech",145545.454545
"Remote ","Computing or Tech",145333.333333
Garner,"Computing or Tech",145000.000000
"Falls Church","Computing or Tech",144758.333333
Pittsboro,"Computing or Tech",144000.000000
Memphis,"Computing or Tech",144000.000000
"Fort Smith","Computing or Tech",144000.000000
"Boise-but remote. Company located in Boston ","Computing or Tech",144000.000000
Bothell,"Computing or Tech",143600.000000
"Toronto, ON","Computing or Tech",143000.000000
"Palo Alto","Computing or Tech",142025.000000
Philiadelpia,"Computing or Tech",142000.000000
"Coon Rapids","Computing or Tech",142000.000000
"Cedar Rapids ","Computing or Tech",142000.000000
"RTP (Raleigh-Durham)","Computing or Tech",142000.000000
Verona,"Computing or Tech",141666.666667
"Chapel Hill","Computing or Tech",140962.500000
"Chicago ","Computing or Tech",140500.000000
Bratislava,"Computing or Tech",140000.000000
"Washington ","Computing or Tech",140000.000000
Curitiba,"Computing or Tech",140000.000000
"Affluent Chicago suburb","Computing or Tech",140000.000000
"Clifton ","Computing or Tech",140000.000000
Concord,"Computing or Tech",140000.000000
Jeffersonville,"Computing or Tech",140000.000000
"Boulder, CO","Computing or Tech",140000.000000
Huntington,"Computing or Tech",140000.000000
"Greater Boston Area","Computing or Tech",140000.000000
Andover,"Computing or Tech",139000.000000
"Denver, CO","Computing or Tech",139000.000000
Orlando,"Computing or Tech",138870.000000
"Redmond ","Computing or Tech",138500.000000
Tacoma,"Computing or Tech",138333.333333
"Arlington ","Computing or Tech",138333.333333
Poughkeepsie,"Computing or Tech",138000.000000
"Sam Francisco","Computing or Tech",138000.000000
"Santa Rosa","Computing or Tech",138000.000000
Annapolis,"Computing or Tech",138000.000000
Gaithersburg,"Computing or Tech",137000.000000
Lexington,"Computing or Tech",136356.666667
"Santa Clara","Computing or Tech",136073.333333
Charleston,"Computing or Tech",136000.000000
"Greater NYC Metro","Computing or Tech",136000.000000
"San Jose ","Computing or Tech",136000.000000
Potland,"Computing or Tech",135200.000000
"Belo Horizonte","Computing or Tech",135200.000000
Turin,"Computing or Tech",135000.000000
"Calgary, Alberta","Computing or Tech",135000.000000
Decline,"Computing or Tech",135000.000000
"Bethesda MD","Computing or Tech",135000.000000
"Not Detroit","Computing or Tech",135000.000000
-,"Computing or Tech",134750.000000
Dahlgren,"Computing or Tech",134708.000000
"Seattle (company is in Redmond)","Computing or Tech",134500.000000
Brooklyn,"Computing or Tech",134413.076923
--,"Computing or Tech",134000.000000
Irvine,"Computing or Tech",133680.937500
Home,"Computing or Tech",133500.000000
Adelaide,"Computing or Tech",133500.000000
Williamsburg,"Computing or Tech",133500.000000
Greenbelt,"Computing or Tech",133000.000000
"Cupertino, CA","Computing or Tech",133000.000000
"Los Angeles","Computing or Tech",132855.431034
DC,"Computing or Tech",132800.000000
Dulles,"Computing or Tech",132740.000000
"Rio Rancho","Computing or Tech",132000.000000
Reston,"Computing or Tech",131937.500000
"Richmond ","Computing or Tech",131300.000000
Addison,"Computing or Tech",130625.000000
"New Haven","Computing or Tech",130600.000000
Fairfax,"Computing or Tech",130466.666667
Bellevue,"Computing or Tech",130071.428571
"Portland (I work remote for a company out of state)","Computing or Tech",130000.000000
"San Diego ","Computing or Tech",130000.000000
"Dallas Area","Computing or Tech",130000.000000
"Los Angeles area","Computing or Tech",130000.000000
"Chicago / FT Remote","Computing or Tech",130000.000000
"West Orange","Computing or Tech",130000.000000
"Fully remote job (Denver area)","Computing or Tech",130000.000000
"New Bern","Computing or Tech",130000.000000
"Ellicott City","Computing or Tech",130000.000000
"Fountain Valley","Computing or Tech",130000.000000
Waterloo,"Computing or Tech",129600.000000
Burlington,"Computing or Tech",129312.500000
Chattanooga,"Computing or Tech",129245.000000
Washington,"Computing or Tech",129207.782609
Bethesda,"Computing or Tech",129140.333333
"Vancouver ","Computing or Tech",129000.000000
Pittsburgh,"Computing or Tech",128938.709677
"Washington, D.C.","Computing or Tech",128337.666667
"Madison Heights","Computing or Tech",128000.000000
"Bozeman ","Computing or Tech",128000.000000
"Salt Lake City ","Computing or Tech",128000.000000
Sumnyvale,"Computing or Tech",128000.000000
Portland,"Computing or Tech",126918.699187
"Victoria, BC","Computing or Tech",126666.666667
"São Paulo","Computing or Tech",126551.000000
Remote,"Computing or Tech",126496.093750
"Washington, DC","Computing or Tech",126491.666667
Denver,"Computing or Tech",126481.551282
Scranton,"Computing or Tech",126000.000000
"Cedar Rapids","Computing or Tech",126000.000000
Sarasota,"Computing or Tech",126000.000000
"Quebec City","Computing or Tech",126000.000000
"Salt Lake City","Computing or Tech",125270.588235
"From home","Computing or Tech",125250.000000
"Not saying ","Computing or Tech",125000.000000
"Ridgefield Park","Computing or Tech",125000.000000
Manhattan,"Computing or Tech",125000.000000
"Salmon Arm","Computing or Tech",125000.000000
"Small city--actual city would give away the company","Computing or Tech",125000.000000
"Not Applicable (Remote work)","Computing or Tech",125000.000000
"Arlington, VA","Computing or Tech",125000.000000
Morgantown,"Computing or Tech",125000.000000
Pasadena,"Computing or Tech",125000.000000
"Portland OR","Computing or Tech",125000.000000
"El segundo","Computing or Tech",125000.000000
"Hillsboro ","Computing or Tech",125000.000000
Alpharetta,"Computing or Tech",124933.333333
"Boise ","Computing or Tech",124930.000000
Natick,"Computing or Tech",124875.000000
Chicago,"Computing or Tech",124770.196970
Tampa,"Computing or Tech",124408.666667
Melbourne,"Computing or Tech",124311.111111
"Waterloo, Ontario ","Computing or Tech",124225.000000
Boise,"Computing or Tech",124125.000000
"choose not to answer","Computing or Tech",124000.000000
"Walnut Creek","Computing or Tech",124000.000000
"St. Louis ","Computing or Tech",123500.000000
N/A,"Computing or Tech",123275.000000
Cambridge,"Computing or Tech",123124.240000
Manassas,"Computing or Tech",123000.000000
"Los Angeles County","Computing or Tech",123000.000000
"London ","Computing or Tech",122990.000000
Grimes,"Computing or Tech",122750.000000
"Silver Spring","Computing or Tech",122500.000000
Jessup,"Computing or Tech",122000.000000
Lindon,"Computing or Tech",122000.000000
Houston,"Computing or Tech",122000.000000
"Los Angeles ","Computing or Tech",121666.666667
"Boston ","Computing or Tech",121428.571429
Hercules,"Computing or Tech",121360.000000
"Vancouver, BC","Computing or Tech",121125.000000
Zurich,"Computing or Tech",120886.666667
"Santa Cruz","Computing or Tech",120750.000000
Madison,"Computing or Tech",120697.962264
Austin,"Computing or Tech",120629.027027
Atlanta,"Computing or Tech",120560.313433
Alexandria,"Computing or Tech",120428.571429
"Atlanta ","Computing or Tech",120333.333333
"San Mateo","Computing or Tech",120208.333333
"Eastern WA","Computing or Tech",120000.000000
Groton,"Computing or Tech",120000.000000
"Ashburn ","Computing or Tech",120000.000000
"Eden Prairie","Computing or Tech",120000.000000
"New Haven/Remote","Computing or Tech",120000.000000
"Merrick - my home, but we do have an office in NYC.  Main office is in Seattle, WA.","Computing or Tech",120000.000000
Bedford,"Computing or Tech",120000.000000
"Kitchener, ON","Computing or Tech",120000.000000
Luxembourg,"Computing or Tech",120000.000000
Syracuse,"Computing or Tech",120000.000000
"Waterloo, ON, Canada","Computing or Tech",120000.000000
"Saratoga Springs","Computing or Tech",120000.000000
Brookfield,"Computing or Tech",120000.000000
"Remote job","Computing or Tech",120000.000000
"Pittsburgh, PA","Computing or Tech",120000.000000
Bennington,"Computing or Tech",120000.000000
Peabody,"Computing or Tech",120000.000000
Holbrook,"Computing or Tech",120000.000000
"Melbourne ","Computing or Tech",120000.000000
"Houston but I am fully remote permanently","Computing or Tech",119500.000000
"Baltimore ","Computing or Tech",118950.000000
"Olympia, WA ","Computing or Tech",118560.000000
Minnetonka,"Computing or Tech",118560.000000
Nashville,"Computing or Tech",118507.500000
Montreal,"Computing or Tech",118476.923077
"Denver ","Computing or Tech",118000.000000
"Cambridge, Massachusetts","Computing or Tech",118000.000000
"Henrico, VA","Computing or Tech",117875.000000
"Chicago, IL","Computing or Tech",117750.000000
Novato,"Computing or Tech",117500.000000
"Philadelphia ","Computing or Tech",117350.000000
"Austin ","Computing or Tech",117000.000000
"Remote (Southern CA)","Computing or Tech",117000.000000
"New Albany","Computing or Tech",117000.000000
Wellington,"Computing or Tech",116795.714286
Berlin,"Computing or Tech",116619.230769
"Nashville metro area","Computing or Tech",116500.000000
Clarksburg,"Computing or Tech",116500.000000
Tulsa,"Computing or Tech",116250.000000
"Cambridge, MA","Computing or Tech",116208.000000
Plano,"Computing or Tech",116200.000000
"An exact answer would out me","Computing or Tech",116000.000000
"Yakima but my employer is based in Seattle","Computing or Tech",116000.000000
"Remote near Worcester","Computing or Tech",116000.000000
"Apache Junction","Computing or Tech",116000.000000
"Louisville, CO","Computing or Tech",116000.000000
Malvern,"Computing or Tech",115333.333333
Providence,"Computing or Tech",115250.000000
