Job_Title,total_compensation
"Investment Banking Analyst",6000214000.00
"Regional Operations & Training Manager ",990000000.00
Researcher,181338800.00
"Senior IT Consultant",120118000.00
"Operations Manager",109246021.00
"Software engineer",59676221.00
"Senior Software Engineer",43272113.00
"TOEIC Test Developer",38000000.00
"ESL English Teacher ",36000000.00
"Project Manager",31978805.00
Director,29644694.00
Pharmacist,28235912.00
"Native English Teacher",27023717.00
"Voice Actor",21800000.00
"Product Manager",21603744.00
"Engineering Manager",19124886.00
partner,17980950.00
"Program Manager",17677986.00
Manager,16817805.00
Attorney,16649502.00
teacher,15385440.00
Associate,14880270.00
"Compliance Manager",13066520.00
"Software Developer",12969999.00
"Senior Manager",11869462.00
"Data Scientist",11231255.00
Librarian,10905308.00
"Data Analyst",10697650.00
Consultant,10596815.00
"Regional Sales Manager",10346880.00
"Marketing Manager",10101517.00
bum,10000299.00
"Staff Software Engineer",9976681.00
"Executive Assistant",9827951.00
"Localization Director",9600000.00
"Vice President",9556671.00
"Backend system dev",9400000.00
"Director of Engineering",9268000.00
"Managing Partner",9089000.00
"Associate Attorney",9047150.00
"Assistant Professor",8945606.00
"Principal Software Engineer",8896054.00
"ESL teacher in Japan ",8320000.00
"Business Analyst",8148260.00
Analyst,8098101.00
"Senior Director",7769500.00
"HR Manager",7580178.00
"Managing director",7535520.00
Lecturer,7472426.00
"Executive Director",7300278.00
"Senior Consultant",7016043.00
"Senior Engineer",6553870.00
Editor,6511497.00
"Security Engineer",6298257.00
"Executive Assistant ",6290115.00
"Business Consultant",6243000.00
"Sales Coordinator",6235940.00
"Office Manager",6027585.00
"Associate Director",5993309.00
"Senior Product Manager",5749305.00
HR,5740000.00
"Account Manager",5578867.00
"Associate professor",5434446.00
"Software engineer ",5376038.00
Paralegal,5362710.00
"Senior Analyst",5225733.00
"Senior Project Manager",5128275.00
Student,5102960.00
"Senior Engineering Manager",5095750.00
"Inside Sales Manager",5092044.00
"Senior Associate",5091675.00
"Senior Software Developer",5013272.00
Controller,5012336.00
"Software engineering manager",5006500.00
Counsel,4998830.00
"Administrative Assistant",4924374.00
"Marketing Director",4842082.00
"Overseas Marketing",4800000.00
"Marketing assisstant",4750000.00
"Principal Engineer",4707258.00
"Registered nurse",4619904.00
"Software Development Manager",4617000.00
"Technical writer",4602634.00
"Senior Staff",4543000.00
"Assistant Director",4487160.00
Professor,4400014.00
"Software Engineer II",4335782.00
CEO,4223000.00
"General Manager",4213845.00
"Senior Data Scientist",4206050.00
"Content manager ",4195000.00
"Chief of Staff",4188075.00
"Accounting Manager",4168730.00
"Senior Program Manager",4142526.00
Producer,4126520.00
"Director of Operations",4027346.00
"Customer Success Manager",4013225.00
"Ent agile coach",4000000.00
Scientist,3858558.00
"Research Scientist",3817585.00
"Site Reliability Engineer",3743599.00
RN,3732011.00
"Digital Marketing Assistant",3645000.00
"IT Manager",3640679.00
"Senior Editor",3602053.00
"Japanese to English Translator",3600000.00
"Lead Software Engineer",3593389.00
Physician,3540250.00
"Project Engineer",3439040.00
"Senior Financial Analyst",3438554.00
"Senior Counsel",3411800.00
"Communications Manager",3385522.00
"Systems Engineer",3371914.00
"Process Engineer",3350654.00
"IT Director",3289750.00
"Financial Analyst",3270911.00
"Public Relations Coordinator",3235700.00
"graphic designer",3155678.00
"HR Generalist",3122520.00
"Mechanical Engineer",3070220.00
"HR director",3057200.00
"Human Resources Manager",3054019.00
"Project Coordinator",3031842.00
"Senior Researcher",3022356.00
"Software Architect",3007384.00
"Program Coordinator",3004092.00
"Owner and CEO ",3000000.00
Lawyer,2986000.00
"Director of Marketing",2955988.00
"Machine Learning Engineer",2952000.00
"Data Engineer",2923890.00
"research analyst",2868490.00
"Director ",2853500.00
"Associate General Counsel",2842385.00
"Finance Manager",2780413.00
"Web developer",2764120.00
VP,2750344.00
"Executive Director ",2749450.00
"Consultant ",2741000.00
"Program Director",2726395.00
"Lead Analyst",2712397.00
"Senior Software Engineer ",2687282.00
"Account Executive",2684800.00
"Staff engineer",2684166.00
"Associate ",2673000.00
"Director of Human Resources",2634385.00
"Research Associate",2606183.00
Lead,2600000.00
Engineer,2597624.00
"Senior Developer",2581700.00
"Instructional designer",2578051.00
"Legal Assistant",2533851.00
"Senior Marketing Manager",2525005.00
"Product Owner",2523135.00
"Staff Attorney",2517536.00
CTO,2508100.00
"Project manager ",2500271.00
"Attorney ",2499718.00
"Senior scientist",2497286.00
"Staff Accountant",2497285.00
"Team Lead",2490616.00
"Communications Specialist",2472917.00
Accountant,2456698.00
"Customer Service Specialist",2412500.00
"Policy Analyst",2379763.00
"Senior Accountant",2377201.00
"Managing Editor",2361889.00
"Solutions Architect",2342000.00
"Senior Technical Writer",2337271.00
"Development Manager",2268193.00
"Product Designer",2211335.00
"DevOps Engineer",2176778.00
"Network Engineer",2166500.00
"Content Creator",2097000.00
"Senior Policy Advisor",2084873.00
Developer,2083447.00
"Library Director",2079232.00
"Senior Business Analyst",2066471.00
"Assistant General Counsel",2065450.00
"Lead Developer",2045000.00
"Technical Program Manager",2016808.00
"Associate Director ",2016270.00
"Senior Product Designer",2015900.00
Supervisor,2003126.00
Entrepreneur,2000000.00
"Director of Communications",1991355.00
"General Counsel",1989000.00
"Senior Vice President",1971000.00
"Business Development Manager",1958990.00
"Associate Attorney ",1940500.00
Archivist,1938095.00
"HR Business Partner",1935100.00
"Senior Software Engineering Manager",1928050.00
"Quality Engineer",1926229.00
"Senior Data Analyst",1909143.00
"Director of Development",1908350.00
"IT Project Manager",1903248.00
"Attending Physician (general internal medicine)",1900000.00
"Communications Director",1890240.00
"Director of HR",1889254.00
Coordinator,1881979.00
"Senior UX Designer",1873500.00
"Senior staff engineer",1873000.00
"Digital Marketing Manager",1863066.00
"Senior Corporate Counsel",1814500.00
"Senior Tech Lead",1800000.00
Copywriter,1791457.00
"Nurse practitioner ",1774068.00
"Development Director",1769350.00
"Data Science Manager",1768400.00
"Program Analyst",1755775.00
"Senior Security Engineer",1754680.00
"Principal Consultant",1754026.00
"Staff Software Engineer ",1752000.00
"Associate Consultant",1738500.00
"Software Engineer 3",1726432.00
"Branch Manager",1701617.00
"Software Development Engineer",1700200.00
"Nurse Practitioner",1689170.00
"Administrative assistant ",1683333.00
CFO,1676409.00
"Research Manager",1662467.00
owner,1661600.00
"Sales Manager",1654400.00
"Director of Technology",1654240.00
"UX designer",1647700.00
"Analytics Manager",1646600.00
"Assistant professor ",1638000.00
"Principal Program Manager",1632000.00
"Production Manager",1625921.00
"Associate Professor ",1614400.00
"Civil Engineer",1613077.00
"Social Media Manager",1608231.00
"Programme Officer for Latin America and the Caribbean - Research and Advocacy",1608000.00
Economist,1605365.00
"Lead Engineer",1605000.00
"Marketing Coordinator",1589357.00
"Electrical Engineer",1588670.00
"high school teacher",1579974.00
"Solution Architect",1562600.00
"Vice President ",1559400.00
"Systems Analyst",1556100.00
"Director of engineering ",1551000.00
psychologist,1550500.00
"Art Director",1550404.00
"Cyber Security Management",1550000.00
"Deputy Director",1540036.00
"Business Systems Analyst",1524558.00
"Account executive ",1507000.00
COO,1506000.00
"Deliverability Specialist",1500000.00
"Academic Advisor",1485750.00
"Program Manager ",1481000.00
"Senior Policy Analyst",1473157.00
"Sales Engineer",1472410.00
"Product Marketing Manager",1464900.00
SVP,1463034.00
"Engagement Manager",1458500.00
"Content Manager",1457780.00
"Sr. Software Engineer",1455750.00
"Technical Director",1445200.00
"Senior Advisor",1444000.00
"Account Manager ",1438460.00
"Program Associate",1438195.00
"Case Manager",1436314.00
Administrator,1429799.00
"Social Worker",1428400.00
"Assistant director ",1424800.00
Recruiter,1419880.00
"Exec admin",1399014.00
"Tax Manager",1397900.00
"Sr Software Engineer",1395500.00
"Financial Advisor",1390250.00
Doctor,1389345.00
"Grants Manager",1370050.00
Veterinarian,1362500.00
"Store Manager",1339887.00
Architect,1330958.00
"Software developer ",1326860.00
"Master Specialist",1324000.00
"Senior Associate ",1323784.00
"Attorney Advisor",1318282.00
"Program Officer",1316317.00
"Materials Engineer",1311433.00
"Proposal Manager",1299768.00
"Senior Systems Engineer",1295969.00
Epidemiologist,1294570.00
"Senior staff software engineer",1287000.00
"Email Marketing Manager",1280600.00
"Software Engineer 2",1276900.00
"Senior Technical Program Manager",1272800.00
"HR Director ",1269450.00
"Product Design Manager",1264600.00
"Creative Director",1255632.00
" Senior Manager",1250000.00
"Chief Technology Officer",1247000.00
"Content Marketing Manager",1242800.00
"Research assistant",1235386.00
Operations,1235383.00
"Editor in chief",1235000.00
"Campaign Manager",1232500.00
"Learning specialist",1229500.00
"Systems Administrator",1223900.00
"Staff Scientist",1223150.00
Reporter,1222892.00
"Principal Product Manager",1221000.00
Instructor,1217758.00
"Data analyst ",1212330.00
"Budget Analyst",1208989.00
"Account Director",1202000.00
"Clinical physiologist ",1200000.00
"Special Education Teacher",1198741.00
Geologist,1197268.00
"Marketing Specialist",1185925.00
"Human Resources Business Partner",1185733.00
President,1182000.00
"Team Leader",1178600.00
"UX Designer ",1177500.00
"Director of IT",1176600.00
"Sr. Product Manager",1167000.00
"Training Manager",1164700.00
"Senior Research Analyst",1161209.00
"Agricultural Supply line Negotiating consultant",1160000.00
"Compliance / Privacy Manager",1150000.00
"Business Intelligence Analyst",1149692.00
"Technical editor",1147233.00
"Physician ",1138000.00
"Corporate counsel",1137500.00
"Senior Business Systems Analyst ",1136000.00
"Communication Specialist",1134600.00
"Development Officer",1133420.00
Underwriter,1130500.00
"Brand Manager",1130125.00
"Human Resources Generalist",1129381.00
"Sr. Director",1122000.00
"Creative Director ",1116000.00
"Head of Operations",1116000.00
"Governance, risk, and compliance program manager",1115000.00
EA,1102500.00
"Director of Customer Success",1102100.00
translator/editor,1100000.00
"Senior Solutions Architect",1092000.00
"Physical Therapist",1089883.00
"Customer Service Manager",1083300.00
"Systems architect",1082691.00
"Senior Executive Assistant",1082000.00
Buyer,1081951.00
"Senior director ",1077500.00
"Senior Manager ",1077000.00
"Marketing Manager ",1074000.00
"Business Systems Analyst III",1066000.00
"Manager of Data Science ",1060000.00
"Senior project manager ",1059500.00
"Teacher ",1056123.00
"Administrative Coordinator",1048945.00
"Aerospace engineer",1048370.00
"Senior Software Development Manager",1048000.00
"Senior Account Manager",1047510.00
"Deputy General Counsel",1047000.00
"Office manager ",1046880.00
"Senior Customer Success Manager",1045439.00
"Actuarial specialist",1045000.00
"Communications Coordinator",1043043.00
"Manager, Program Management",1043000.00
"Senior Graphic Designer",1040499.00
"Senior Devops Engineer",1033300.00
"Operations Analyst",1029492.00
"Clinical Psychologist",1027753.00
"Program Specialist ",1020000.00
"Assistant Manager",1015672.00
"Chief Operating Officer",1015100.00
"Human Resources Director",1010000.00
Programmer,1009418.00
"research coordinator",1005833.00
"Amazon Timekeeping HR Admin",1002000.00
"Sr. Research associate",1000000.00
"Senior NAtural Language Processing engineer",1000000.00
"It security consultant ",1000000.00
"medical librarian",993850.00
"Scrum Master",981400.00
"Director of Research",980000.00
"Space Plan Consultant",979500.00
"VP Engineering",978000.00
"Senior Process Engineer",976668.00
"Technical Account Manager",975100.00
Optometrist,970000.00
"Sales Manager ",968850.00
"Head Of Software Engineering",968000.00
"Environmental Scientist",957850.00
"Finance Director",956825.00
"Library Assistant",953090.00
Typist,952000.00
"Director, Software Development",950000.00
"Business Manager",946700.00
"Contract Manager",946450.00
"Senior Copywriter",942800.00
Planner,941976.00
"Digital Director",938000.00
"Principal Analyst",932450.00
"Technical Project Manager",924450.00
"occupational therapist",921902.00
"Associate Creative Director",920800.00
Principal,920000.00
"Office Administrator",915471.00
Interpreter,915000.00
"Product Manager ",914642.00
"Department Manager",912500.00
"Supply chain manager",910860.00
Md,910200.00
"Environmental Consultant",909200.00
"Physician Assistant",907500.00
"Compliance Officer",906632.00
"Legal Secretary",904268.00
"Principal Software Engineer ",902000.00
"Senior software development engineer",900000.00
"Chief X Officer",900000.00
"Director of Software Engineering",895000.00
Bookkeeper,889351.00
"Content Strategist",888500.00
"Director of Product",887950.00
"PhD Candidate",885300.00
Realtor,885000.00
"Software Engineer III",884170.00
"research director",883250.00
"Of Counsel",878000.00
"Assistant Project Manager",877153.00
"Engineering Manager ",875970.00
"Senior Mechanical Engineer",873902.00
"Manager ",873500.00
"Physician Assistant ",873000.00
"QA Manager",868500.00
"HR Specialist",868122.00
"Financial Planner",868000.00
"VP Marketing",868000.00
"Contracts Manager",865500.00
"Chief Marketing Officer",865000.00
"Director of Finance",861201.00
"Director of Operations ",855130.00
"Head of Product",853950.00
"Risk Manager",850235.00
"Associate Product Manager",847925.00
"Senior Communications Manager",847760.00
"Director of Data Science",847500.00
"Senior Engineer ",846000.00
"Legal Counsel",844500.00
"VP Product",844300.00
"Controller ",843875.00
"Senior Site Reliability Engineer",843500.00
"Digital Marketing Specialist",841430.00
"Speech Language Pathologist",839020.00
"Sr. Program Manager",838854.00
"Head of administration",837000.00
"Strategic Manager of Communications",835000.00
"Recruiting Manager",834000.00
"Production Services Manager",833000.00
"English Editor",832000.00
"Data Scientist ",829000.00
"Manufacturing Engineer",823200.00
"Compliance Analyst",820700.00
"Senior Account Executive",818000.00
"HR Coordinator",817919.00
"Staff Security Engineer",816000.00
"VP of Engineering",815000.00
"Lead software engineer ",814500.00
"Privacy Engineer",814000.00
"Reference Librarian",813125.00
"Associate Lawyer",812900.00
"VP HR",812500.00
"Corporate Controller",812000.00
"Scientist II",811200.00
Registrar,806511.00
"Database Administrator",806199.00
"Community Manager",805498.00
"COO/Senior Project Manager",804000.00
"Development Associate",802280.00
"Operations Manager ",801062.00
"Director of Front office ",800000.00
Translator,799505.00
"Technical Lead",799000.00
"GIS Analyst",795134.00
"Account Supervisor",794300.00
"Editorial Director",792350.00
"Senior Attorney",791800.00
Purchaser,789000.00
"Principal Scientist",788000.00
Chemist,783933.00
"Director of Development ",783100.00
"VP Finance",780300.00
"Digital Strategic Planner",780000.00
"Brand Innovation Manager",780000.00
"Digital Content Writer",780000.00
"Machine operator ",777000.00
"Tech Lead",776000.00
"Senior Product Marketing Manager",775000.00
"Records manager",769200.00
"Policy Advisor",768764.00
"Computer scientist",766800.00
"In-House Counsel",762000.00
Auditor,761274.00
"Director of Programs",757940.00
"Development Coordinator",757456.00
"Design Engineer",756600.00
"Supervisor ",755411.00
HRBP,754000.00
"Senior Electrical Engineer",753300.00
"Admin manager",750000.00
"Senior research scientist",748504.00
"Output editor: TV news",747000.00
"Program Specialist",738730.00
"Director of Strategy",733796.00
"Data Manager",731500.00
"Actuarial analyst",727225.00
"Assistant Controller",721960.00
SRE,718000.00
"Salesforce Administrator",717000.00
"Enterprise Architect",717000.00
"School Psychologist",716766.00
"Manager, Information Security",715500.00
"Operations Research Analyst",715411.00
"Program Director ",714811.00
"Administrative Manager",712490.00
"User Experience Researcher",711280.00
Curator,705524.00
"Director of strategic initiatives ",700000.00
"Senior AML Manager",700000.00
"Licensed professional counselor ",700000.00
"Compensation Manager",699500.00
"Associate Editor",699300.00
"Associate Director, marketing",697500.00
"Structural Engineer",697100.00
"public defender",695425.00
"Lab Manager",692774.00
"Payroll Manager",692208.00
Statistician,691343.00
"Production Engineer",689200.00
"Chief Counsel",688300.00
"Program Assistant",682474.00
"Senior Legal Counsel",680000.00
"Test Engineer",679300.00
"Agile Coach",679000.00
"Research Engineer",677000.00
"Manager Learning & Training",673100.00
"High school math teacher",671400.00
"Senior Paralegal",670800.00
Biostatistician,667100.00
"Business Analyst ",667059.00
"Head of school",666500.00
"Principal Consultant ",666000.00
"Sr. Operations Manager",665000.00
"professor ",665000.00
"Director, Clinical Operations ",664500.00
"Librarian ",663293.00
"Family physician",663000.00
"Engineering Director",663000.00
"sr manager",662000.00
"Senior Program Manager ",661800.00
"Senior Director of Marketing",661000.00
"Solutions Consultant",660300.00
"Lead Data Scientist",660000.00
"Education Technology Manager",657900.00
Banker,656380.00
"Customer Service Representative",654921.00
"Administrative Specialist",652900.00
"Human Resource Manager",651580.00
"VP, Analytics",650000.00
"Marketing Strategy Manager",650000.00
"Assistant District Attorney",647803.00
"Managing Principal",645000.00
"Recruiter ",644535.00
"project coordinator ",642840.00
"Program Coordinator ",641900.00
"Vice Principal",640000.00
"Director, Product Management",638000.00
Actuary,637033.00
writer,636098.00
"Staff writer",635770.00
"People Operations Manager",634208.00
"Research fellow",632008.00
"Assistant Vice President",632000.00
"IT Specialist",631860.00
"Human Resources Director ",626400.00
"Youth Services Librarian",626364.00
"VP Legal",625000.00
"Accounts Payable Manager",623800.00
Investigator,623695.00
"Quality Assurance Manager",621000.00
"Developer / KanBan Master",620000.00
"Senior Consultant ",620000.00
"Director of Human Resources ",620000.00
"Sr Business Analyst",615500.00
"Senior UX Researcher",615000.00
"Pharmacy Manager",614747.00
"R&D engineer",614250.00
"Principal Security Engineer",614000.00
"Full stack developer",613436.00
"UX Manager",611513.00
"Consumer Marketing Lead",610000.00
"Senior Staff Privacy Engineer",610000.00
"Environmental Specialist",608750.00
"Chief Information Officer",604000.00
"Product Owner ",603670.00
"Sr. Manager",602000.00
"R&D Technologist",600000.00
"Equity Partner",600000.00
"Vice President of Production",600000.00
"EVP Product",600000.00
"IT Security consultant",600000.00
"Senior Project Engineer",598160.00
"Compliance Senior Analyst",598100.00
"Senior Auditor",598098.00
Specialist,598020.00
"Counsel ",598000.00
"Chief Product Officer",598000.00
"Sales operations manager",597690.00
"Communications Officer",597430.00
"Senior Finance Manager",597000.00
"principal data scientist",596500.00
"Senior Engineer (translated)",596500.00
"Financial Analyst ",595800.00
"Patent Attorney",594500.00
"Senior Producer",594500.00
"Content Writer",593680.00
"Director of Product Management",593000.00
"deputy ceo",592500.00
"Deputy Executive Director",592125.00
"Software consultant",592000.00
"Senior Programmer",588000.00
"Marketing Coordinator ",587960.00
"Psychiatrist ",583000.00
"Associate Software Engineer",582174.00
"Helpdesk Professional ",581000.00
"Interior designer",580600.00
"Paralegal ",577260.00
"Marketing Automation Manager ",576000.00
"Relationship Manager",575750.00
"IT Analyst",575300.00
"User Experience Designer",574769.00
"Senior Administrative Assistant",574300.00
"Associate librarian",574120.00
"Sales Director",574000.00
"Sr Engineer R&D",574000.00
"Senior Tax Accountant",573700.00
SWE,573500.00
"design engineer ",571800.00
"IT technician",570400.00
"middle school social studies teacher",570000.00
"Principal Product Designer",570000.00
"Library Manager",569307.00
"Operations Director",568060.00
"Speech-Language Pathologist",568000.00
"Lead Product Designer",568000.00
"Director of Customer Experience",567500.00
"Compensation Analyst",566762.00
"Chief Financial Officer",566500.00
CPA,566000.00
"Contract Administrator",564650.00
"Information Architect",564000.00
"Financial Controller",563612.00
"SEO Specialist ",563000.00
"Service Manager",562500.00
"Grant writer",562100.00
"Professor (full)",561500.00
"Medical writer",561200.00
"Senior Strategist",560400.00
"Facilities Coordinator ",560000.00
"SVP HR",560000.00
"Sr. Manager, SRE",560000.00
"Systems Librarian",559600.00
"Development scientist ",559200.00
"Director, legal counsel",557000.00
"Executive Officer",556689.00
"Technical Recruiter",556400.00
"System Analyst",556000.00
"Corporate Banker",555000.00
"Senior Manager, Operations",554700.00
"Controls engineer",553000.00
"Foreign Service Officer",552824.00
"Sr Project Manager",552100.00
Trainer,551266.00
"Analyst ",551000.00
"Technical Product Manager",550000.00
"TV Writer",550000.00
"sr director",550000.00
"Senior Manager Software Dev",550000.00
Clerk,549463.00
"Patent Agent",548800.00
"Associate Dean",548000.00
"Digital Designer",545200.00
"Procurement Manager",545200.00
"CRM Manager",543612.00
"Senior Underwriter",542225.00
Biologist,541630.00
"Product development engineer",540600.00
"Senior Web Developer",539500.00
"Vice President of Engineering",538000.00
Dean,538000.00
"Research Librarian",538000.00
"Senior Brand manager",536500.00
"Consulting Manager",536274.00
"Accountant ",536200.00
"Communications Coordinator ",535150.00
"Content Designer",534440.00
"Project Architect",534000.00
"Director, Software Engineering",533874.00
"Engineering Supervisor",533657.00
Receptionist,533065.00
"System Administrator",532277.00
"Software Team Lead",532000.00
"Group Product Manager",532000.00
"Associate Scientist",531900.00
"information security architect",530500.00
"Senior Account Executive ",530100.00
"Executive Vice President ",530000.00
"Audit Manager",528800.00
"Lawyer ",528000.00
"Application Developer",526530.00
"Executive Assistant to CEO",526000.00
"VP ",525000.00
"HR GENERALIST ",524436.00
"Senior user experience researcher",524390.00
"management analyst",524100.00
"Associate general counsel ",524000.00
"Project Administrator",522627.00
"Commercial Counsel",521570.00
"Information Security Analyst",521159.00
"Editor ",520500.00
"Academic librarian",520350.00
"Postdoctoral Fellow",519285.00
"English Teacher",518550.00
"Senior Research Associate",518000.00
"Continuous Improvement Manager",517500.00
"UX Researcher",516975.00
"Admin Assistant",515333.00
"IT Architect",514000.00
"Quality Manager ",512500.00
"Support Engineer",511900.00
"VP Product Management",510000.00
"Head of Engineering",510000.00
"Math Teacher",509500.00
"Environmental engineer",509500.00
"Digital Product Manager",509000.00
"Area Manager",504400.00
"Software manager",504000.00
"Universety lecturer",504000.00
"Senior Network Engineer",503000.00
"Social media manager ",502800.00
"UX Writer",502000.00
"Management Consultant",501700.00
"Logistics Coordinator",501651.00
"Algorithm developer",500000.00
"Turnip farmer",500000.00
"SVP sales engineering",500000.00
"Enterprise Account Executive",500000.00
"Consultant obstetrician and gynaecologist ",500000.00
"Senior Recruiter",499500.00
"Senior Compliance Manager",499000.00
"Data Architect",499000.00
"Director HR",498750.00
"Senior Scientist ",497620.00
"Media Director",497300.00
"QA Engineer",495095.00
"Director of Business Development",495000.00
"Principal Software Architect",495000.00
"Legal assistant ",494240.00
"Senior Front End Developer",493500.00
"Business Intelligence Engineer",493400.00
"Firmware Engineer",493000.00
"Learning and Development Manager",492000.00
Therapist,491700.00
"Project Director",491000.00
"Senior Data Engineer",490350.00
Trader,490000.00
"Teaching Assistant",487548.00
Faculty,487500.00
Sales,485000.00
Bioinformatician,484600.00
"Technology Manager",483200.00
"Membership Director",483000.00
"Director of Development Operations",483000.00
"Cyber Security Engineer",483000.00
"Senior financial analyst ",482092.00
"Coordinator ",482000.00
"Managing Attorney",481500.00
"Senior Art Director",481500.00
"Principal Software Development Engineer",480000.00
Member-Manager,480000.00
"Simulation Engineer",480000.00
"Senior Director, Web and Digital",480000.00
"National Sales Coordinator",480000.00
"Director of Analytics",480000.00
"Adult Services Librarian",479200.00
"Director of Policy",478000.00
"Investment Manager",478000.00
"Senior Designer",477900.00
"Senior Program Analyst",477772.00
"Recruiting Coordinator",477050.00
"Chief Engineer",476000.00
"Visual Designer",474275.00
"Project Lead",473900.00
"Clinical pharmacist",472500.00
"Senior HR Generalist",472400.00
"Senior Planner",472000.00
"Program Administrator",471514.00
"Vice President, Financial Planning & Analysis",471500.00
"Chief of Staff ",470800.00
"SENIOR ACCOUNTANT ",470700.00
"Director of Donor Relations",470000.00
"Director of Sales",470000.00
"Director of Events",470000.00
"Policy Director",469500.00
"Patent attorney ",468912.00
"Technical support engineer",468536.00
"Vice President, Analytics",467500.00
"graphic design",467000.00
"Quality manager",467000.00
"Director, Analytics",466500.00
"Laboratory Manager",463100.00
"Assistant Editor",462900.00
"System Architect",462900.00
"Environmental Manager",462530.00
Audiologist,460608.00
"Director Growth",460000.00
"Design Director, UX",460000.00
"Co-Executive Producer",460000.00
"Senior Director of Engineering",460000.00
Nurse,458744.00
"HR Business Partner ",458250.00
"Director of Sustainability",458000.00
"Cloud Engineer",456500.00
"IT Business Analyst",456400.00
"Senior Legal Editor",455700.00
"General Counsel & Chief Compliance Officer",455000.00
"Assistant Principal",455000.00
"Communications Associate",454700.00
"Staff RN",453500.00
"Project engineer ",453275.00
"Postdoctoral Researcher",451842.00
"Chemical Engineer",451600.00
"Senior Accounting Manager",451421.00
"Senior Librarian",451000.00
"Sr Software Engineer ",451000.00
"Sr director, design",450000.00
"Programmer ",450000.00
"Director Project Controls ",450000.00
"Assistant Underwriter ",450000.00
"Vice President and General Counsel",450000.00
"Inside Sales",449700.00
"Staff Product Manager",447000.00
"Content Producer",446100.00
Archaeologist,445971.00
"Senior Scientist II",445686.00
"Operations Coordinator",445200.00
"Staff Attorney ",445200.00
"Senior Vice President ",444000.00
"Managing Consultant",443600.00
"Technician ",443500.00
"HR manager ",443400.00
"Communications Strategist",442500.00
"Senior frontend developer",442500.00
"Revenue Cycle Director",442000.00
"Video Editor",441594.00
"Architectural Designer",440372.00
"Customer service rep",440160.00
"Assistant leader of maths",440000.00
"Chief Advancement Officer",440000.00
"Senior Associate (Lawyer)",440000.00
"Regional Director",439330.00
"Project Officer",439100.00
"Research Specialist",439000.00
"Implementation Manager",438500.00
"Marketing and Communications Manager",438500.00
"Production Manager/Project Manager",438000.00
"Staff Technical Writer",437000.00
"Associate Director of Development",436000.00
"Front End Developer",435000.00
"Architect ",435000.00
"Sr UX designer",434000.00
"Senior Business Analyst ",433270.00
"Senior Business Systems Analyst",432895.00
"Senior communications specialist",432000.00
CISO,432000.00
"Senior product designer ",431580.00
"Copy editor",431090.00
"Internal Auditor",430047.00
"Design Director",430000.00
"Director of Product Management ",430000.00
"Principal Software Developer",430000.00
"VP of Accounting",430000.00
"Development Manager ",428000.00
"Business Development Director",428000.00
"Marketing Strategist",427800.00
"Property Manager",427320.00
"Clinical Supervisor",426300.00
"Engineering Team Lead",426000.00
"Assistant Dean",425939.00
"Validation engineer",425580.00
"Assistant store manager",425570.00
"Lead Systems Engineer",425000.00
"Desktop Supporg",425000.00
"Senior Counsel ",425000.00
"Business Operations Manager",424629.00
"Superintendent ",423500.00
"Principal Design Researcher",421000.00
"Law Clerk",420591.00
"Sr. Project Engineer",420000.00
"Chief of Pathology",420000.00
"Manager, Product Management",420000.00
"Chief Risk Officer",420000.00
"Corporate Development",420000.00
"Onlyfans creator ",420000.00
"Technical Program Manager  ",420000.00
"Production coordinator",419500.00
"Marketing Analyst",419381.00
"Network administrator",419293.00
"Underwriter ",418400.00
"Associate Registrar",418043.00
Assistant,417880.00
"Research Project Manager",417700.00
"Program Manager II",417600.00
"Senior Executive Assistant ",416900.00
"Senior Data Analyst ",416500.00
"Quantitative Analyst",416000.00
"Full Stack Engineer",415000.00
"Library Director ",414500.00
"Facilities Manager",414000.00
"Associate Vice President",413000.00
"User Researcher",413000.00
Postdoc,412000.00
"Senior Sales Engineer",412000.00
"Portfolio Manager",412000.00
"Senior Content Strategist",410520.00
"Art Curator and Professor",410000.00
"Senior Product Manager ",410000.00
"Director, product management ",410000.00
"VP of Sales",410000.00
"Senior Managing Director",410000.00
"Software Engineer IV",409200.00
"Senior IT Project Manager",409000.00
"Education manager",408650.00
"Social worker ",407767.00
"Clinical Pharmacist ",407000.00
"Project Manager II",406742.00
"Medical Laboratory Scientist",406561.00
"Research Scientist 3",405500.00
"Clinical Research Coordinator",405340.00
SDET,405300.00
"Deputy Director ",405250.00
"Application Analyst",405000.00
"Scientist I",405000.00
"Director of Government Affairs",405000.00
"Data science manager ",405000.00
"HR Analyst",404960.00
"Director of Supply Chain",403000.00
"Director, Cybersecurity",403000.00
"Research Administrator",401900.00
"Human Resources Manager ",401600.00
"Talent Development Manager",401000.00
"Senior Marketing Manager ",401000.00
"Senior Data Manager",400750.00
"Brand Consultant",400000.00
"Vice President of Corporate Communications and Investor Relations",400000.00
"Director of Football",400000.00
"Digital Content Specialist ",400000.00
CPO,400000.00
"Technical Recruiting Manager",400000.00
"Sales and Trading",400000.00
"Security Engineering Manager",400000.00
"Creative technologist ",400000.00
"Senior expert",400000.00
"Creative Designer",400000.00
"Fundraising Manager",399000.00
Estimator,399000.00
"Senior Marketing Coordinator",398199.00
"Sr Data Analyst",398100.00
"Marketing Operations Manager",398000.00
"Library Branch Manager",397581.00
"Sales Engineering Manager",396500.00
Redovisningsekonom,396000.00
"Associate Medical Director",395000.00
"Principal Architect",395000.00
Writer/Editor,394791.00
"Assistant librarian",394684.00
"Hardware Engineer",394040.00
"Assistant Director of Finance",394000.00
"Marketing Associate",393770.00
"Bookkeeper ",393070.00
"Solutions Engineer",393000.00
"Product Director",393000.00
"Product Management Leader",393000.00
"Design Lead",392500.00
"Sr Director IT",392000.00
"Strategy Director",392000.00
"IT consultant",391500.00
"Quality Assurance Engineer",391208.00
"General Manager Strategic Design",390000.00
"Associate Chairperson",389000.00
"Strategy Consultant",388000.00
"Senior manufacturing engineer",387300.00
"Senior Support Engineer",387110.00
"Associate Counsel",386915.00
"Client manager",386200.00
Journalist,386000.00
"Medical Technologist",385700.00
"PhD ",385400.00
"Product Management Director",385000.00
Taxonomist,385000.00
"PR Manager",384706.00
"Senior Email Marketing Manager",384500.00
"Environmental Planner",384500.00
"Mechanical Engineer II",384182.00
Pediatrician,384000.00
"RN Case Manager",382808.00
"Litigation Paralegal",382200.00
"Tax accountant",381420.00
"Senior GIS Analyst",381000.00
"Scientist 1",380650.00
"Engineering Lead",380500.00
"Product Counsel",380000.00
"ML/AI Scientist",380000.00
"Business Operations",380000.00
"Director - Product Management",380000.00
"Investment Professional",380000.00
"Head of Sales",380000.00
"Implementation Consultant",379171.00
"Graduate Student",378050.00
"Support Manager",378000.00
"Senior Director, Strategy",378000.00
"Senior Manager - Tax",378000.00
"Orthopedic surgeon",378000.00
"Technical Expert",378000.00
"Associate Project Manager",377230.00
"internal consultant",376900.00
"sales analyst",376200.00
"ESL Teacher",375000.00
"Principal Technical Writer",375000.00
"Genetic Counselor",374500.00
Compliance,374000.00
"VP, Controller",374000.00
"School Social Worker",373200.00
"Vice President, Operations",373000.00
"Financial Manager",372500.00
"Category Manager",372500.00
"Resident Physician",372443.00
"Brand Marketing Manager",371652.00
"Senior Product Owner",371500.00
"Content editor",370815.00
Provost,370000.00
"Technical Lead / Manager",370000.00
"Senior Product Line Manager",370000.00
"Sr Product Manager",370000.00
"senior security analyst",369000.00
"HRIS Analyst",368900.00
"Technical Staff",368740.00
"Senior medical writer",368000.00
"Associate Brand Manager",368000.00
"HR Consultant",368000.00
"Frontend Developer",368000.00
"Secondary school teacher",367900.00
"Store Manager ",367560.00
"Director of Education",367500.00
"Personal Assistant",366410.00
"FP&A Manager",366236.00
"Regulatory Compliance Manager",365000.00
"Deliworker ",365000.00
"Principal Research Scientist",365000.00
"Associate Attorney (mid-level)",365000.00
Founder,365000.00
"Instructional Technologist",365000.00
"Privacy Program Manager",365000.00
"Director Media",365000.00
"Web Producer",364000.00
"Vice President of Operations",363500.00
"Staff Accountant ",363500.00
"Director of Library and Database Services",363490.00
"cloud architect",363000.00
"Research Assistant Professor",363000.00
"Associate Director of Admissions",363000.00
"Applications Engineer",362193.00
"Digital Strategy Manager",362000.00
"Risk modeler",362000.00
"Software Architect ",362000.00
"Market Research Manager",361000.00
"Incident Manager",361000.00
"Global Head of Communications ",360775.00
"Product Specialist",360412.00
"Sr. Regional Sales Manager",360000.00
"Head of Infrastructure ",360000.00
"videogame tester",360000.00
assocaite,360000.00
"Lab Supervisor",360000.00
"Solution consultant ",360000.00
"Senior Human Resources Executive",360000.00
"High School English Teacher",359380.00
"Event Manager",359200.00
"Operations Specialist",359000.00
"Frontend Engineer",358660.00
"VP Operations",358325.00
"Medical science liaison",358000.00
"Product Marketing Manager ",357750.00
"Handler? ",355200.00
"UX/UI Designer",355100.00
"Business Intelligence Manager",355000.00
Shareholder,355000.00
"Software Developer II",354850.00
"Claims adjuster",354358.00
"Director of Content",354200.00
"Staff Scientist III",354000.00
"sales associate",353945.00
"Strategy Manager",353500.00
"Brand Director",353200.00
"Technical Sales Manager",353000.00
"Veterinarian ",353000.00
"Associate research scientist",352603.00
"Marketing communications manager",352500.00
"Director, Laboratory Informatics",352000.00
"Director of Experience & Strategy ",352000.00
"Export Documentation assistant",352000.00
"Major Gifts Officer",351500.00
"Assistant Attorney General",350519.00
"Sr development Manager",350000.00
"Consulting actuary",350000.00
"Director Business Development",350000.00
"Principal developer",350000.00
"Renewals Manager",350000.00
"SVP, Software Engineering",350000.00
"associate principal",350000.00
"Director of Presales Engineering",350000.00
"Senior Instructional Designer",349700.00
Diplomat,349000.00
"Editorial Assistant",348531.00
"Senior Property Manager",347229.00
"computer engineer",347000.00
"Staff product designer",347000.00
"Senior SRE",347000.00
"Database Administrator ",346500.00
"Platform Engineer",346000.00
"Director, Sales Enablement",346000.00
"VP of Business Development",346000.00
"Social Media Specialist",345500.00
"Business lead ",345000.00
"Lead Mechanical Engineer",345000.00
"Senior Engineering Manager ",345000.00
"Vice President, finance ",345000.00
"UX lead",345000.00
"program lead",344500.00
"Director, Clinical Operations",344000.00
"Content Specialist",343757.00
"HR Assistant",343219.00
"Senior IT Manager",343000.00
Dispatcher,342694.00
"Consulting Engineer",342500.00
"Underwriting manager",342300.00
"Tutor of History, ESL and English",342000.00
"Sr. SDE",342000.00
"Staff Engineer ",341500.00
"Test Automation Engineer",341100.00
"Software Quality Assurance Manager",341000.00
"Medical Physicist",340100.00
"VP, Director",340000.00
"Attorney (11+ years experience)",340000.00
"Lead analyst ",340000.00
"Director of Infrastructure ",340000.00
"Director of Engineering, Platform",340000.00
"Pharmacy Technician",339725.00
"Risk Analyst",338600.00
"Group manager",338500.00
"Technical support",338400.00
"Administration ",338300.00
"Email Marketing Specialist",338251.00
"Knowledge Manager",338000.00
"Operations Consultant",338000.00
"Design Strategist",338000.00
"General Manager ",338000.00
"Senior VP",338000.00
"Library Media Specialist",337140.00
"Production Manager ",336000.00
"Senior Developer Advocate",336000.00
"Quality Assurance",335500.00
"iOS Developer",335250.00
"Senior Analyst ",335220.00
Admin,334680.00
"Marketing specialist ",334061.00
"Intelligence Analyst",334000.00
"Executive Vice President/General Manager",334000.00
"Senior QA Engineer",333000.00
"Contract Specialist ",332172.00
"Training Specialist",332000.00
"Services Manager",332000.00
"Senior Solution Architect",332000.00
"M&A Tax Senior Manager",332000.00
"Vice Presidenti and Corporate Counsel",332000.00
"Clinical Research Associate",331649.00
"Library Supervisor",330693.00
"Forensic Scientist",330640.00
"Associate Consultant ",330100.00
"Investment Banker",330000.00
"Actuarial Consultant",330000.00
"Director, Global Partnerships",330000.00
"Associate (Attorney) ",330000.00
"Information security VP",330000.00
"Regional Manager",329450.00
"development assistant",329260.00
"Medical Social Worker",329046.00
"VP of Human Resources",329000.00
"Content Director",329000.00
"Library Associate",328847.00
"Director of Software Engineering ",328312.00
"Senior Data Scientist ",328000.00
"Process Manager",327700.00
"Production Editor",327650.00
"Nurse Manager",327500.00
"Regional Supply Chain Director",327000.00
"Marketing Lead",327000.00
Publisher,326826.00
"Practice Manager",326700.00
"Revenue Agent",325661.00
"Senior Director of Engineering ",325000.00
"Web developer ",325000.00
"Director of Corporate Communications",325000.00
"Mechanical Engineer ",324773.00
"Vice President Development ",324500.00
"Principal Systems Engineer",324499.00
"Office Manager and Executive Assistant",324100.00
"Customer Support Manager",324000.00
"Senior Director of Development",324000.00
SeniorActuary,324000.00
CFO/COO,323000.00
"Tech Writer",323000.00
"Finance Senior Manager",323000.00
"Physician anesthesiologist",323000.00
"Registered Dietitian ",322700.00
"Bank Examiner",322200.00
"Policy Analyst ",322129.00
"Data Scientist II",322000.00
"Chief People Officer",321759.00
"VP & Senior Counsel ",321000.00
"Budget Director",321000.00
"Senior Proposal Manager",320000.00
Owner/Operator,320000.00
"Manager, Business Intelligence",320000.00
"Customer Support Coordinator",320000.00
"Director, Enterprise IT Applications",320000.00
"Registered Nurse ",319564.00
"Industrial Hygienist",319500.00
"Corporate Counsel ",319000.00
"School Counselor",318456.00
"Technical Writer II",317500.00
LPN,317412.00
"Public Health Advisor",317350.00
"Academic Advisor ",317000.00
"Scientific Director",317000.00
"Adjunct instructor",316800.00
"Subsea Engineer",316500.00
"Office Administrator ",316432.00
"Assistant Principal ",316000.00
"division manager",315750.00
"Art Director of (sub category)",315000.00
"Head of Marketing ",315000.00
"Senior Manager, Finance",315000.00
"Director Product ",315000.00
"Strategy Director ",315000.00
"Creative Services Manager",315000.00
executive,315000.00
"Property Manager ",314810.00
"Senior specialist",314000.00
tech,314000.00
Technician,313852.00
"Sales Representative ",313500.00
"Content Strategist ",313500.00
"Transportation planner",313500.00
"Director of Finance and Administration",313103.00
"Principal Mechanical Engineer",313000.00
"Senior Investigator",313000.00
"Director, Marketing",313000.00
"Senior Application Developer",313000.00
"Senior Software Engineer II",313000.00
"VP Controller",312500.00
"Product Design",312500.00
"Strategic Account Manager",312000.00
"People Consultant",312000.00
"Digital Marketing Strategist",311800.00
"VP, Marketing",311363.00
"Director of Accounting",311250.00
"Accounting Analyst",311221.00
"R&D Engineer II",310867.00
"Development Engineer",310180.00
"Embedded Software Engineer",310000.00
"Associate Director of Product Management",310000.00
"Director of Customer Support",310000.00
"Senior Scrum Master",310000.00
"Senior Field Specialist",310000.00
"Senior VP, Internal Communications ",310000.00
"Managing Director Integrated Marketing",310000.00
"VP of Product Management ",310000.00
"Director, Medical Information ",310000.00
"Assistant Vice President ",310000.00
"Communications Consultant",310000.00
"HR Administrator",309150.00
"Senior Manager, Sales Operations",309000.00
"Director of Project Management",309000.00
"Director of information security",309000.00
"Business Intelligence Developer",308703.00
"Program Supervisor",308540.00
"Senior Product Specialist",308500.00
"Senior tax accountant ",308490.00
"Director, Human Resources",308450.00
"ESL Teacher (in China)",308000.00
"Senior UX Designer ",308000.00
"Executive Administrator",307000.00
"Freelance translator",306500.00
"Financial Administrator",306312.00
"Director of Risk Management",306000.00
"Director of Enginneering",306000.00
"College Scout",305000.00
"Sr. Manager, Software Engineering ",305000.00
Educator,304240.00
"Senior Software Developer ",304000.00
"Head of Vendor Management",304000.00
"Assistant Controller ",304000.00
"Enterprise Sales Director ",304000.00
"Career associate attorney ",304000.00
"Forensic accountant",303000.00
"St√∂dassistent ",302940.00
"District Manager",302500.00
"Chief Development Officer",302000.00
"Development and Communications Manager",302000.00
"Digital Communications Manager",301400.00
"Regulatory manager",301000.00
"Associate Producer",300860.00
"Senior Quality Assurance Analyst",300600.00
"Manager Operations",300000.00
"Brand Advertising Manager",300000.00
"SEO Specialist",300000.00
"Ceramic Artist",300000.00
"equity partner at a law firm",300000.00
"Junior content creator",300000.00
"Marketing & Investor Relations",300000.00
"Director, Master Data",300000.00
"Group Copy Supervisor",300000.00
Anesthesiologist,300000.00
"Senior SW Engineer",300000.00
"Bond Analyst",300000.00
"Manager, Product Management (Technical)",300000.00
"Director - General Counsel Division",300000.00
"Director of product marketing",300000.00
"Medical director",300000.00
"Creative Manager",299885.00
"Assistant United States Attorney",299500.00
"Senior HR Business Partner",298875.00
"Human Resources Specialist",298391.00
"Devops Architect",298203.00
"GIS Specialist",298160.00
"Customer development director",298000.00
"Network architect",298000.00
"Communication manager",297600.00
"Senior Software Manager?",296000.00
"Sales operations manager ",296000.00
"Lead Consultant",296000.00
"Technical Program Manager ",295000.00
"Product Group Lead",295000.00
"Director, Medical Affairs",295000.00
Physician/hospitalist,295000.00
"Head librarian",294500.00
"Director, Revenue Cycle",294500.00
"Workday Analyst",294000.00
"Assistant Counsel",294000.00
"Director, Customer Success",294000.00
"Technical Services Librarian",293915.00
Historian,293818.00
"Accountant II",293207.00
"Senior Internal Auditor",293050.00
"Information Manager",293000.00
"QA Analyst",292825.00
"Personal Assistant ",292300.00
"Regulatory affairs manager ",291750.00
"Special Education Teacher ",291677.00
"Regional Manager ",291000.00
"Senior Editor ",291000.00
"IT Systems Administrator",291000.00
"Senior Technical Project Manager",291000.00
"Contract Specialist",290887.00
"Change Manager",290600.00
"Environmental Coordinator",290000.00
"Sr. Intellectual Property Counsel",290000.00
"SWE manager",290000.00
"Senior Principal Software Engineer",290000.00
"Senior Design Architect ",290000.00
"School psychologist ",289395.00
"iOS Engineer",289000.00
"Program Analyst ",289000.00
"Manager of Strategic Partnerships",289000.00
"Elementary teacher",288973.00
"Software Development Engineer II",288855.00
"Events Manager",288500.00
"Senior Content Manager",288500.00
"Benefits Manager",288338.00
"Senior Systems Analyst",288250.00
"Science Teacher",288200.00
"Engineering Manager II",288000.00
"Vice President Client Services",288000.00
"Quality Assurance Analyst",287776.00
"Staff Geologist",287180.00
"Principal Business Analyst",287000.00
"Development scientist",286500.00
"Senior Software Architect",286000.00
"Technical Advisor",285045.00
"Director, Technology Recruiting",285000.00
"Security Researcher",285000.00
"Associate attorney (senior)",285000.00
"VP of Strategy",285000.00
"Payroll administrator ",284860.00
"Support Analyst",284680.00
"Director, Real-World Evidence",284500.00
"Administrative Coordinator ",284001.00
"Finance Associate",283950.00
"Senior Operations Manager",283400.00
"Senior Business Development Manager",283250.00
"Director of Communication",283000.00
"Director of Communications ",283000.00
"Director of Admissions",283000.00
"Senior Officer",283000.00
"SVP & Private Banker",283000.00
"Restaurant manager",282500.00
"Programme Manager",282450.00
"Executive Administrative Assistant",282142.00
"Sr. Financial Analyst",282000.00
"Chief Operations Officer",282000.00
"Total Rewards Manager",282000.00
"Deputy City Attorney",281547.00
"Senior Manager, Compensation",281400.00
"Training Coordinator",281300.00
"Sr. Consultant",281000.00
"Business development ",281000.00
"Solution Consultant",280500.00
"Trial attorney",280000.00
"VP, Global Channels",280000.00
"Sr Director Engineering",280000.00
"Senior Director, Quality Systems",280000.00
"Vice President Application Management",280000.00
"Director of People Operations",280000.00
"Group manager of analytics",280000.00
"Chief Executive Officer",280000.00
"Manager Centre of excellence ",280000.00
"Hardware Engineering program manager",280000.00
"Senior Account Manager ",280000.00
"Senior Engineering Program Manager",280000.00
"Senior Director of Education",280000.00
"Senior Counsel, Litigation",279500.00
"Managing Director (Advanced Technology)",279500.00
"Sr. Customer Success Manager",278500.00
"Regulatory Affairs Specialist",278350.00
"Senior Production Engineer",278000.00
"Finance Director ",278000.00
"Senior Regulatory Affairs Specialist",277600.00
Pastor,277192.00
"IT Team Lead",277000.00
"Senior Reporter",276300.00
"Engine Performance Engineer (Tech Lead)",276000.00
"Senior Manager, Engineering ",276000.00
"Head of Solutions Engineering ",276000.00
"Operations Lead",275550.00
"Assistant Branch Manager",275520.00
"Classroom teacher",275250.00
"Department Chair",275000.00
"Social Media Director",275000.00
TPM,275000.00
"Director, Research",275000.00
"Head of Human Resources ",275000.00
"Clinical Trial Manager",274783.00
"Associate Counsel ",274300.00
"VP Global Account Management",274000.00
"Lab Director",273700.00
"Library Technician",273421.00
"User Experience Lead",273400.00
"Client Services Director",273000.00
"Front-end Developer",273000.00
"Principal Engineer ",273000.00
"Senior Data Architect",273000.00
"Geologist ",272500.00
"Proposal Specialist",272050.00
"Communications Director ",272000.00
"Senior Structural Engineer",272000.00
"Manager, Sales Operations",272000.00
"SEO Manager",272000.00
"assistant managing editor",271700.00
"Middle School Teacher",271250.00
"Psychiatric Nurse Practitioner",271000.00
"Motion Graphics Designer",271000.00
"Office Coordinator",270780.00
"Elementary school teacher",270734.00
"Customer service",270580.00
"Administrative Officer",270527.00
"Market Manager ",270000.00
"Internal Medicine Physician",270000.00
"medical director (psychiatry)",270000.00
"Senior Director, Deal Strategy",270000.00
"VP, Research",270000.00
"Director of Debt Capital Markets",270000.00
"Customer Marketing Manager",270000.00
"Principal Scientist ",270000.00
"Associate General Counsel, IP",270000.00
"Grants Administrator",269962.00
"Grant Manager",269330.00
"Credit Analyst",269310.00
"Principal Cloud Solution Architect ",269000.00
"Nuclear Engineer",269000.00
"Member of Technical Staff",269000.00
"Director, Regulatory Affairs",268750.00
"Administrative Associate",268500.00
"Senior Digital Strategist",268500.00
"Accounting Supervisor",268200.00
"Management consultant ",268000.00
"Department Administrator",267750.00
"Professional Support Lawyer",267500.00
"Customer service supervisor",267400.00
Barista,267048.00
"Manager of Communications",267000.00
"Operations Associate",267000.00
"Director, Technology Delivery",267000.00
"Graduate Research Assistant",266584.00
"Senior associate actuary",266500.00
"Head of Marketing",266000.00
"Lead Privacy Counsel",265000.00
"VP, Nursing Informatics",265000.00
"Global Compensation Director",265000.00
Broker,265000.00
"Director, IT",265000.00
"Attorney (shareholder)",265000.00
"Director of Customer Service",265000.00
"Director, Executive Talent Mgmt",264500.00
"Payroll Specialist ",264430.00
"Nuclear Systems Engineer",264000.00
"Director of medical affairs",264000.00
"Software Engineering Principal Member of Technical Staff ",264000.00
"Billing Manager",264000.00
"Engineering Project Manager",264000.00
"Director of Learning & Development",264000.00
"Head of HR",264000.00
"Finance manager ",263750.00
"Grants Director",262500.00
"Supervising Attorney",262000.00
"Digital Imaging Technician",262000.00
Product,262000.00
Psychiatrist,262000.00
"Medical Consultant",262000.00
"Compliance Senior Manager",262000.00
"Senior mechanical engineer ",262000.00
"Market analyst",261990.00
"Digital Strategist",261975.00
Designer,261725.00
"Principal Recruiter",261360.00
"Head of strategy",261000.00
"Lecturer ",260827.00
"Client Service Representative",260700.00
"Network Managet",260000.00
"Deputy Editor",260000.00
"System administration and project manager",260000.00
"Regulatory Affairs",260000.00
"Director Fixed Income ",260000.00
"Director, Biostatistics ",260000.00
"Marketing (Consultant)",260000.00
"Chief Privacy Officer/Counsel",260000.00
"Team Lead ",260000.00
"Associate Partner ",260000.00
"Medical Executive ",260000.00
"Vice President of Policy",260000.00
"VP Digital Marketing and Customer Experience",260000.00
"Vice President Marketing",260000.00
Consultant/Trainer,260000.00
"Staff Software Engineering Manager",260000.00
"Senior Director, Engineering",260000.00
"Principal Software Enginner",260000.00
"Internal Medicine physician ",260000.00
"Collection Development Librarian",259500.00
"Director of Alumni Relations",259500.00
"Director of Client Services",259000.00
Solicitor,259000.00
"brand manager ",259000.00
"Director of Marketing and Communications",259000.00
"GIS Technician",259000.00
"Chief of Staff, Customer Experience",259000.00
"Product Analyst",258750.00
"Senior HR Analyst",258677.00
"Senior Quality Engineer",258500.00
"Research Scientist ",258000.00
"Freelance Writer",258000.00
"Graphic designer ",258000.00
"Vice President Commercial Banking",257500.00
"Team Manager",257498.00
"Research Program Manager",257044.00
"Strategic Sourcing Manager",257000.00
"VP Treasury",257000.00
"Compliance specialist ",256500.00
"Pharmacist Manager",256320.00
"Senior Embedded Software Engineer",256000.00
"Medical Laboratory Technologist",256000.00
"Principal Investigator",256000.00
Psychotherapist,255500.00
"Branch Chief",255000.00
"Psychiatric Nurse Practitioner ",255000.00
"Data Lead",255000.00
"Staff Developer Evangelist",255000.00
"Country Head of Market Access",255000.00
"Director of Site Reliability Engineering",255000.00
"Security Research",255000.00
OBGYN,255000.00
"Sr. Director of Marketing",255000.00
"Senior Product Analyst",255000.00
"Manager Information Security",255000.00
"Proposal Coordinator",254128.00
"Learning and Development Specialist",254000.00
"Director of Facilities ",254000.00
"Vice President, Finance & Administration ",253500.00
"Proposal Writer",253500.00
"Children's Librarian",253000.00
"IT Program Manager",253000.00
Manger,253000.00
"Communications & Marketing Manager",253000.00
"Research Scientist I",253000.00
"Financial systems manager",252000.00
"UX Research Manager",252000.00
"Head of partnerships ",252000.00
"Director - Risk",252000.00
"Senior lecturer",251740.00
Publicist,251600.00
"Director, Professional Services",251500.00
"Full Charge Bookkeeper",251450.00
"Collection Manager",251190.00
"Faculty Manager",250750.00
"Lead Business analyst",250400.00
"Asst. General Counsel",250186.00
"Associate Scientist ",250100.00
"Occupational health and safety specialist (consultant)",250000.00
"Medical Device Sales Rep",250000.00
"Backend engineer",250000.00
"Senior ADMS Engineer - consultant",250000.00
"VP Product Marketing",250000.00
"Front End Engineer",250000.00
"CRO Manager",250000.00
"Senior Manager of Attorney Development & Training",250000.00
Streamer,250000.00
"Account Executive - Technology Sales",250000.00
"Director Advanced Analytics",250000.00
"Director of Oncology Project Management ",250000.00
"Lobbyist ",250000.00
"VP assistant general counsel",250000.00
"Senior software engineer 250000",250000.00
"Head of Business Operations",250000.00
"Veterinary Specialist",249800.00
"Marketing Executive",249450.00
"Superintendent of Schools",249410.00
Copyeditor,249200.00
"Senior Writer",249000.00
"Senior Manager, Digital Marketing",249000.00
"Software Engineer senior principal ",249000.00
"Industrial engineer",248650.00
"Digital Content Manager",248406.00
"Secondary Teacher",248079.00
"Senior Economist",248000.00
"Government Attorney",248000.00
"Asset manager",248000.00
"Software Engineering Director",248000.00
Sysadmin,248000.00
"BI Analyst",247800.00
"Senior Test Engineer",247500.00
"Technology Director",247100.00
"Copy supervisor",247000.00
"Design Manager",247000.00
"Associate director, clinical",247000.00
"Senior manager events and marketing",247000.00
"Administrator ",246234.00
"Principal Project Manager",246067.00
"Deputy managing editor",246035.00
"Sr. HR Business Partner",246000.00
"Developer Advocate",246000.00
"Database Manager",245500.00
"Content Marketing Specialist",245262.00
"Payroll Accountant",245220.00
"Marketing assistant",245150.00
"Commercial Director",245000.00
"Director of Market Research",245000.00
"ux research",245000.00
"Attorney - Class B Shareholder",245000.00
"Sr Technical Program Manager",245000.00
"Director - Product",245000.00
"Sr Director, Actuarial",245000.00
"Senior program director",244000.00
"VP, Global HR Operations and Technology",244000.00
"Product Strategy and Marketing Manager",243800.00
"Systems engineer ",243500.00
"Administrative Librarian",243302.00
"Mobile developer",243100.00
"Communications Advisor",243000.00
"Associate Director of Marketing",242900.00
"Administrative Assistant II",242779.00
"engineer 2",242100.00
"Business Development Manager ",242000.00
"Senior Software Consultant",242000.00
"Policy associate",242000.00
"Security Consultant",242000.00
"VP Product Design",242000.00
"Senior Manager, HR",241885.00
"Director, Human Resources ",241600.00
"Engineering specialist",241500.00
"Underwriting assistant",241450.00
"Tax Senior",241400.00
"VP Marketing/Merchandising/Creative",241000.00
"Senior Systems Engineer II",241000.00
"Product Design Director",240850.00
"Education Program Manager",240760.00
"Customer Support Specialist",240510.00
"Lead Platform Engineer",240500.00
"Implementation Specialist ",240200.00
"Sr Project Engineer ",240000.00
"Senior Machine Learning Engineer",240000.00
"Vice President, Partnerships",240000.00
"Audiovisual Translator",240000.00
"Software Development Engineer 2",240000.00
Tam,240000.00
"Director, Advanced Analytics and Statistics",240000.00
"Influencer Marketing Manager",240000.00
Partnerships,240000.00
"Vice President, Clinical Affairs",240000.00
"Senior Research Program Manager",240000.00
"Of Counsel ",240000.00
"Senior Vice President of Marketing",240000.00
"Public Relations Manager",240000.00
"Director of Programming ",240000.00
"Head of People Ops",240000.00
"Supply Chain Assocaite Director",240000.00
CSR,239168.00
"Financial Aid Counselor",239055.00
"Sales Rep",239000.00
"Principal Site Reliability Developer ",239000.00
"Senior Software Application Engineer",239000.00
"School Counselor ",238900.00
"Senior HRIS Analyst",238575.00
"Ops Associate",238000.00
"Director, Sales",238000.00
"Front End Engineer ",237602.00
"Sustainability Manager",237400.00
"Practice Administrator",237400.00
"Global Product Manager",237250.00
"Senior Staff Site Reliability Engineer ",237000.00
"Director of Client Success",237000.00
"Talent Management Manager",237000.00
"contracts specialist",237000.00
"Chief Intellectual Property Counsel",237000.00
"Sales Strategy Analyst",236500.00
"Senior Well Engineer (CWI)",236280.00
"Foreign Affairs Officer",236059.00
"PMTS Infrastructure Engineer",236000.00
"Information Security Engineer",236000.00
"Senior Principle Software Engineer ",236000.00
"Scientific Strategy Advisor",236000.00
"Senior Business Manager ",236000.00
"Principal member of Technical Staff",236000.00
"Power Trader",236000.00
"Human Resources ",235900.00
"Senior Marketing Specialist",235694.00
"Librarian II",235625.00
"technical support specialist",235472.00
Intern,235160.00
"Assistant Public Defender",235000.00
"Senior civil engineer",235000.00
"Senior Risk Manager",235000.00
"ESOL Teacher",235000.00
"Investigator ",235000.00
"Director of Technical Services",235000.00
"Executive Search Consultant",235000.00
"Principal Technical Program Manager",235000.00
"Staff Product Engineer",235000.00
"Director, Research Operations",235000.00
"solution architect ",235000.00
"People and culture manager",235000.00
"Senior Administrative Assistant ",234665.00
"Legislative Analyst",234600.00
"Director, Operations",234500.00
"Community Engagement Manager",234200.00
"Finance assistant",234162.00
"IT Systems Analyst",234000.00
"Licensed Practical Nurse",234000.00
"AVP & Actuary",234000.00
"Manager, Software Dev & Eng",234000.00
"Director, Quality Assurance",234000.00
"Operations Supervisor",233915.00
"Production Specialist",233505.00
"BI Developer",233500.00
"Associate Director of operations",233112.00
"HR Program Manager",233000.00
"Senior Technician",232951.00
"Human Factors Engineer",232851.00
"Executive Admin",232500.00
"Group HR Manager",232500.00
"Senior Vice President of Finance",232500.00
"Sr asst vp",232000.00
"Primary care physician ",232000.00
"Audit Senior Manager",232000.00
"Client Services Manager",232000.00
"QA Lead",231880.00
"Project Associate",231705.00
"Benefits Specialist",231656.00
"Senior Manager, Bus Scheduling",231600.00
"Environmental Specialist ",231400.00
"Salesforce Developer",231000.00
"Non technical recruiter",231000.00
"Nurse Consultant",231000.00
"Journalist ",231000.00
"Policy Manager",230500.00
"Planning Manager",230500.00
"Urban Planner",230500.00
"Front End Web Developer",230200.00
"Acquisitions Editor",230100.00
"Sales Enablement Manager",230000.00
"Valuations expert",230000.00
"Managing Economist",230000.00
"Head of Talent Acquisition",230000.00
"Senior ML Engineer",230000.00
"Strategic programs manager ",230000.00
"VP Customer Support (Operations VP)",230000.00
"Content Strategy",230000.00
"Senior Security and Compliance Consultant",230000.00
"Contract Software Consultant",230000.00
"Director Design",230000.00
"Senior Product Manager - Technical",230000.00
"Senior Software Engineer, Devops",230000.00
"VP Strategy and Business Development",230000.00
"SVP Advocacy & Policy",230000.00
"Consulting Vice President",230000.00
"Software Engineer, Security",230000.00
"data team lead",230000.00
"Compliance Counsel",230000.00
"Transportation Engineer",229500.00
"Charge Nurse",229400.00
"Director / Senior Manager (Customer Strategy)",229000.00
"Staff Accountant II",229000.00
"Treasury Manager",229000.00
"Nurse Anesthetist ",229000.00
"Lead Programmer",229000.00
"Director - IT Strategy",229000.00
"Research and Development Scientist",228808.00
"Senior Back-End Software Engineer",228800.00
"Research Associate II",228695.00
"Security Analyst",228551.00
"Growth Marketing Manager",228500.00
"Project Analyst",228500.00
"Deputy Director of Accounting",228000.00
"Public servant",228000.00
"industrial designer",228000.00
"Human Resources Analyst ",228000.00
"Production Lead",228000.00
"UX Engineer Manager",228000.00
"Global Program Senior Manager",228000.00
"Data Specialist",227808.00
"Career Counselor",227600.00
"Senior Environmental Scientist",227500.00
"Accounting Clerk",227480.00
"Outreach specialist",227355.00
"VP, Communications",227115.00
"Communications Manager ",227000.00
"Manager, Marketing",227000.00
"Senior IT Security Analyst",227000.00
"Research Associate ",227000.00
"Senior Manager Growth Marketing",227000.00
"Executive Assistant to the CEO",226850.00
"Billing Specialist",226640.00
"Radiation Therapist",226300.00
"Structural Engineering Specialist",226200.00
"5th year Associate at law firm ",226000.00
"Public Affairs Officer ",226000.00
"PhD student",226000.00
"City Planner",226000.00
"IT Support Engineer",225666.00
"Senior Project Officer",225640.00
"database developer",225500.00
Secretary,225344.00
"Production Supervisor",225240.00
"Associate marketing manager ",225100.00
"Executive Director of Human Resources ",225000.00
"Director, Engineerig",225000.00
"Principal iOS Software Engineer",225000.00
Pilot,225000.00
"Plant Controller",225000.00
"Academic oncologist",225000.00
"QA Engineering Lead",225000.00
"Contract Partner",225000.00
"AWS Solutions Architect",225000.00
"Engineer ",225000.00
"Petroleum Engineer",225000.00
"Structural Biology Lead",225000.00
"Manager, Sales Engineering",225000.00
"Library Specialist",224863.00
"Learning & Development Senior Manager",224700.00
"Director of Research Development ",224640.00
"Support Specialist",224070.00
"Plant Breeder",224010.00
Author,224000.00
"Product Marketing Lead",224000.00
"Supervisory Archivist",224000.00
"HR Operations Manager",224000.00
CIO,224000.00
"Enterprise Cyber Security Architect",224000.00
"Environmental scientist ",223500.00
"Customer Service Manager ",223363.00
"Associate Manager",223290.00
"Administrative Analyst II",223155.00
"Outreach Manager",223100.00
"Geospatial Analyst",223050.00
"Data Analytics Manager",223000.00
"Internal Communications ",223000.00
"Best Boy",223000.00
"Principal ",223000.00
"Infrastructure engineer",222900.00
"data science",222500.00
"Value Stream Manager",222500.00
"Senior Associate Scientist",222482.00
"Clinical social worker",222400.00
"Digital Project Manager",222250.00
"Accounts Payable",222160.00
"Marketing & Communications Manager",222100.00
"Publishing specialist",222040.00
"Staff physician ",222000.00
"Senior Staff Attorney",222000.00
"Policy Specialist ",222000.00
Paramedic,221844.00
"Program Manager III",221600.00
"Case Manager ",221500.00
"Library Department Head",221500.00
"Philanthropic Advisor",221500.00
"Environmental Project Manager",221200.00
"Operations Engineer",221000.00
"Learning Advisor",221000.00
"Department Head",221000.00
"Technical writer/editor",221000.00
"Talent acquisition specialist ",221000.00
PM,221000.00
"Claim Manager",221000.00
"Software Consultant ",221000.00
"International tax",221000.00
"Medical Director ",221000.00
"Application Support Manager",221000.00
"Junior Software Engineer",220930.00
"Principal Dev Lead",220900.00
"Service Sales Manager",220864.00
"Digital Marketing Coordinator",220700.00
"Engineer II",220628.00
"Senior Director, Workforce Management",220000.00
"In house counsel ",220000.00
"Vice President & Relationship Manager",220000.00
"Director of Global SEO",220000.00
"Group Software Architect",220000.00
"Director Tech ",220000.00
"Head of Data Science",220000.00
"SOC Analyst",220000.00
"VP Innovation",220000.00
"Software Account Director ",220000.00
"Senior Director, Data Engineering",220000.00
"Head data scientist",220000.00
"Senior Vice President, Diversity Equity & Inclusion",220000.00
"sole proprietor",220000.00
"Senior Taxonomist",220000.00
"Commercial Banker",220000.00
"Financial advisor ",220000.00
"Sr SRE",220000.00
"Marketing Director ",220000.00
"Executive Vice President, Communications",220000.00
"Mechanical Engineer III",219900.00
"Office Assistant",219572.00
"Staff Technical Product Manager",219380.00
"Clinical Research Manager",219086.00
"People Business Partner",219000.00
"Vice President Business Development",219000.00
"Director of Finance and Operations",219000.00
"Director of Social",219000.00
"Art Teacher",218800.00
"Emergency Veterinarian",218200.00
"Manager, Content Strategy",218000.00
"Vice President, Film Marketing",218000.00
"Outpatient general internal medicine physician",218000.00
"Senior Android Developer",218000.00
"Interim CTO ",218000.00
"Senior Product Support Manager",217200.00
"Quality Assurance Lead",217158.00
"Senior Lecturer ",217000.00
"Loan processor",217000.00
"Air traffic controller ",217000.00
"Software Development Engineer ",217000.00
"Linguist III",217000.00
"Territory Sales Manager",217000.00
"Director of Revenue Management",217000.00
"Environmental engineer ",216700.00
"Assistant Director of Education",216550.00
"MRI Technologist",216400.00
"lawyer (Associate)",216000.00
"Head of Product Management",216000.00
"Certified Financial Planner",216000.00
"Director of Product Development ",216000.00
"Fraud Analyst",215600.00
"Project Leader",215500.00
"Senior Software Dev Engineer",215358.00
